property,market,unit_name,unit_group,sqft,effective_price,gross_price,date,leased_rate
Liberty Summit,"Columbus, OH",ABORVIDEO101,1x1,805,1400,1400,03/29/2025,False
Liberty Summit,"Columbus, OH",ABORVIDEO101,1x1,805,1400,1400,03/30/2025,False
Liberty Summit,"Columbus, OH",ABORVIDEO101,1x1,805,1400,1400,03/31/2025,False
Liberty Summit,"Columbus, OH",ABORVIDEO101,1x1,805,1400,1400,04/01/2025,False
Liberty Summit,"Columbus, OH",ABORVIDEO101,1x1,805,1400,1400,04/02/2025,False
Liberty Summit,"Columbus, OH",ABORVIDEO101,1x1,805,1400,1400,04/03/2025,False
Liberty Summit,"Columbus, OH",ABORVIDEO101,1x1,805,1400,1400,04/04/2025,False
Liberty Summit,"Columbus, OH",ABORVIDEO101,1x1,805,1400,1400,04/05/2025,False
Liberty Summit,"Columbus, OH",ABORVIDEO101,1x1,805,1400,1400,04/06/2025,False
Liberty Summit,"Columbus, OH",ABORVIDEO101,1x1,805,1400,1400,04/07/2025,False
Liberty Summit,"Columbus, OH",ABORVIDEO101,1x1,805,1410,1410,04/08/2025,False
Liberty Summit,"Columbus, OH",ABORVIDEO101,1x1,805,1410,1410,04/09/2025,False
Liberty Summit,"Columbus, OH",ABORVIDEO101,1x1,805,1410,1410,04/10/2025,False
Liberty Summit,"Columbus, OH",ABORVIDEO101,1x1,805,1410,1410,04/11/2025,False
Liberty Summit,"Columbus, OH",ABORVIDEO101,1x1,805,1390,1390,04/12/2025,False
Liberty Summit,"Columbus, OH",ABORVIDEO101,1x1,805,1390,1390,04/13/2025,False
Liberty Summit,"Columbus, OH",ABORVIDEO101,1x1,805,1390,1390,04/14/2025,False
Liberty Summit,"Columbus, OH",ABORVIDEO101,1x1,805,1390,1390,04/15/2025,False
Liberty Summit,"Columbus, OH",ABORVIDEO101,1x1,805,1390,1390,04/16/2025,False
Liberty Summit,"Columbus, OH",ABORVIDEO101,1x1,805,1390,1390,04/17/2025,False
Liberty Summit,"Columbus, OH",ABORVIDEO101,1x1,805,1390,1390,04/18/2025,False
Liberty Summit,"Columbus, OH",ABORVIDEO101,1x1,805,1390,1390,04/19/2025,False
Liberty Summit,"Columbus, OH",ABORVIDEO101,1x1,805,1390,1390,04/20/2025,False
Liberty Summit,"Columbus, OH",ABORVIDEO101,1x1,805,1390,1390,04/21/2025,False
Liberty Summit,"Columbus, OH",ABORVIDEO101,1x1,805,1390,1390,04/22/2025,False
Liberty Summit,"Columbus, OH",ABORVIDEO101,1x1,805,1390,1390,04/23/2025,False
Liberty Summit,"Columbus, OH",ABORVIDEO101,1x1,805,1390,1390,04/24/2025,False
Liberty Summit,"Columbus, OH",ABORVIDEO101,1x1,805,1390,1390,04/25/2025,False
Liberty Summit,"Columbus, OH",ABORVIDEO101,1x1,805,1390,1390,04/26/2025,False
Liberty Summit,"Columbus, OH",ABORVIDEO101,1x1,805,1390,1390,04/27/2025,False
Liberty Summit,"Columbus, OH",ABORVIDEO101,1x1,805,1390,1390,04/28/2025,False
Liberty Summit,"Columbus, OH",ABORVIDEO101,1x1,805,1410,1410,04/29/2025,False
Liberty Summit,"Columbus, OH",ABORVIDEO101,1x1,805,1410,1410,04/30/2025,False
Liberty Summit,"Columbus, OH",ABORVIDEO101,1x1,805,1410,1410,05/01/2025,False
Liberty Summit,"Columbus, OH",ABORVIDEO101,1x1,805,1410,1410,05/02/2025,False
Liberty Summit,"Columbus, OH",ABORVIDEO101,1x1,805,1410,1410,05/03/2025,False
Liberty Summit,"Columbus, OH",ABORVIDEO101,1x1,805,1410,1410,05/04/2025,False
Liberty Summit,"Columbus, OH",ABORVIDEO101,1x1,805,1410,1410,05/05/2025,False
Liberty Summit,"Columbus, OH",ABORVIDEO101,1x1,805,1410,1410,05/06/2025,False
Liberty Summit,"Columbus, OH",ABORVIDEO101,1x1,805,1410,1410,05/07/2025,False
Liberty Summit,"Columbus, OH",ABORVIDEO101,1x1,805,1410,1410,05/08/2025,False
Liberty Summit,"Columbus, OH",ABORVIDEO101,1x1,805,1410,1410,05/09/2025,False
Liberty Summit,"Columbus, OH",ABORVIDEO101,1x1,805,1410,1410,05/10/2025,False
Liberty Summit,"Columbus, OH",ABORVIDEO101,1x1,805,1410,1410,05/11/2025,False
Liberty Summit,"Columbus, OH",ABORVIDEO101,1x1,805,1410,1410,05/12/2025,False
Liberty Summit,"Columbus, OH",ABORVIDEO101,1x1,805,1410,1410,05/13/2025,False
Liberty Summit,"Columbus, OH",ABORVIDEO101,1x1,805,1410,1410,05/14/2025,False
Liberty Summit,"Columbus, OH",ABORVIDEO101,1x1,805,1410,1410,05/15/2025,False
Liberty Summit,"Columbus, OH",ABORVIDEO101,1x1,805,1410,1410,05/16/2025,False
Liberty Summit,"Columbus, OH",ABORVIDEO101,1x1,805,1410,1410,05/17/2025,False
Liberty Summit,"Columbus, OH",ABORVIDEO101,1x1,805,1410,1410,05/18/2025,False
Liberty Summit,"Columbus, OH",ABORVIDEO101,1x1,805,1410,1410,05/19/2025,False
Liberty Summit,"Columbus, OH",ABORVIDEO101,1x1,805,1410,1410,05/20/2025,False
Liberty Summit,"Columbus, OH",ABORVIDEO101,1x1,805,1410,1410,05/21/2025,False
Liberty Summit,"Columbus, OH",ABORVIDEO101,1x1,805,1410,1410,05/22/2025,False
Liberty Summit,"Columbus, OH",ABORVIDEO101,1x1,805,1410,1410,05/23/2025,False
Liberty Summit,"Columbus, OH",ABORVIDEO101,1x1,805,1410,1410,05/24/2025,False
Liberty Summit,"Columbus, OH",ABORVIDEO101,1x1,805,1410,1410,05/25/2025,False
Liberty Summit,"Columbus, OH",ABORVIDEO101,1x1,805,1410,1410,05/26/2025,False
Liberty Summit,"Columbus, OH",ABORVIDEO101,1x1,805,1410,1410,05/27/2025,False
Liberty Summit,"Columbus, OH",ABORVIDEO101,1x1,805,1410,1410,05/28/2025,False
Liberty Summit,"Columbus, OH",ABORVIDEO101,1x1,805,1410,1410,05/29/2025,False
Liberty Summit,"Columbus, OH",ABORVIDEO101,1x1,805,1410,1410,05/30/2025,False
Liberty Summit,"Columbus, OH",ABORVIDEO101,1x1,805,1410,1410,05/31/2025,False
Liberty Summit,"Columbus, OH",ABORVIDEO101,1x1,805,1410,1410,06/01/2025,False
Liberty Summit,"Columbus, OH",ABORVIDEO101,1x1,805,1410,1410,06/02/2025,False
Liberty Summit,"Columbus, OH",ABORVIDEO101,1x1,805,1410,1410,06/03/2025,False
Liberty Summit,"Columbus, OH",ABORVIDEO101,1x1,805,1410,1410,06/04/2025,False
Liberty Summit,"Columbus, OH",ABORVIDEO101,1x1,805,1410,1410,06/05/2025,False
Liberty Summit,"Columbus, OH",ABORVIDEO101,1x1,805,1410,1410,06/06/2025,False
Liberty Summit,"Columbus, OH",ABORVIDEO101,1x1,805,1410,1410,06/07/2025,False
Liberty Summit,"Columbus, OH",ABORVIDEO101,1x1,805,1410,1410,06/08/2025,False
Liberty Summit,"Columbus, OH",ABORVIDEO101,1x1,805,1410,1410,06/09/2025,False
Liberty Summit,"Columbus, OH",ABORVIDEO101,1x1,805,1410,1410,06/10/2025,False
Liberty Summit,"Columbus, OH",ABORVIDEO101,1x1,805,1410,1410,06/11/2025,False
Liberty Summit,"Columbus, OH",ABORVIDEO101,1x1,805,1410,1410,06/12/2025,False
Liberty Summit,"Columbus, OH",ABORVIDEO101,1x1,805,1410,1410,06/13/2025,False
Liberty Summit,"Columbus, OH",ABORVIDEO101,1x1,805,1410,1410,06/14/2025,False
Liberty Summit,"Columbus, OH",ABORVIDEO101,1x1,805,1410,1410,06/15/2025,False
Liberty Summit,"Columbus, OH",ABORVIDEO101,1x1,805,1410,1410,06/16/2025,False
Liberty Summit,"Columbus, OH",ABORVIDEO101,1x1,805,1410,1410,06/17/2025,False
Liberty Summit,"Columbus, OH",ABORVIDEO101,1x1,805,1410,1410,06/18/2025,False
Liberty Summit,"Columbus, OH",ABORVIDEO101,1x1,805,1410,1410,06/19/2025,False
Liberty Summit,"Columbus, OH",ABORVIDEO101,1x1,805,1410,1410,06/20/2025,False
Liberty Summit,"Columbus, OH",ABORVIDEO101,1x1,805,1410,1410,06/21/2025,False
Liberty Summit,"Columbus, OH",ABORVIDEO101,1x1,805,1410,1410,06/22/2025,False
Liberty Summit,"Columbus, OH",ABORVIDEO101,1x1,805,1410,1410,06/23/2025,False
Liberty Summit,"Columbus, OH",ABORVIDEO101,1x1,805,1410,1410,06/24/2025,False
Liberty Summit,"Columbus, OH",ABORVIDEO101,1x1,805,1410,1410,06/25/2025,False
Liberty Summit,"Columbus, OH",ABORVIDEO101,1x1,805,1410,1410,06/26/2025,False
Liberty Summit,"Columbus, OH",ABORVIDEO101,1x1,805,1410,1410,06/27/2025,False
Liberty Summit,"Columbus, OH",ABORVIDEO101,1x1,805,1410,1410,06/28/2025,False
Liberty Summit,"Columbus, OH",ABORVIDEO101,1x1,805,1410,1410,06/29/2025,False
Liberty Summit,"Columbus, OH",ABORVIDEO101,1x1,805,1410,1410,06/30/2025,False
Liberty Summit,"Columbus, OH",ABORVIDEO101,1x1,805,1410,1410,07/01/2025,False
Liberty Summit,"Columbus, OH",ABORVIDEO101,1x1,805,1410,1410,07/02/2025,False
Liberty Summit,"Columbus, OH",ABORVIDEO101,1x1,805,1410,1410,07/03/2025,False
Liberty Summit,"Columbus, OH",ABORVIDEO101,1x1,805,1410,1410,07/04/2025,False
Liberty Summit,"Columbus, OH",ABORVIDEO101,1x1,805,1410,1410,07/05/2025,False
Liberty Summit,"Columbus, OH",ABORVIDEO101,1x1,805,1410,1410,07/06/2025,False
Liberty Summit,"Columbus, OH",ABORVIDEO101,1x1,805,1410,1410,07/07/2025,False
Liberty Summit,"Columbus, OH",ABORVIDEO101,1x1,805,1410,1410,07/08/2025,False
Liberty Summit,"Columbus, OH",ABORVIDEO101,1x1,805,1410,1410,07/09/2025,False
Liberty Summit,"Columbus, OH",ABORVIDEO101,1x1,805,1410,1410,07/10/2025,False
Liberty Summit,"Columbus, OH",ABORVIDEO101,1x1,805,1410,1410,07/11/2025,False
Liberty Summit,"Columbus, OH",ABORVIDEO101,1x1,805,1410,1410,07/12/2025,False
Liberty Summit,"Columbus, OH",ABORVIDEO101,1x1,805,1410,1410,07/13/2025,False
Liberty Summit,"Columbus, OH",ABORVIDEO101,1x1,805,1410,1410,07/14/2025,False
Liberty Summit,"Columbus, OH",ABORVIDEO101,1x1,805,1410,1410,07/15/2025,False
Liberty Summit,"Columbus, OH",ABORVIDEO101,1x1,805,1410,1410,07/16/2025,False
Liberty Summit,"Columbus, OH",ABORVIDEO101,1x1,805,1410,1410,07/17/2025,False
Liberty Summit,"Columbus, OH",ABORVIDEO101,1x1,805,1410,1410,07/18/2025,False
Liberty Summit,"Columbus, OH",ABORVIDEO101,1x1,805,1410,1410,07/19/2025,False
Liberty Summit,"Columbus, OH",ABORVIDEO101,1x1,805,1410,1410,07/20/2025,False
Liberty Summit,"Columbus, OH",ABORVIDEO101,1x1,805,1410,1410,07/21/2025,False
Liberty Summit,"Columbus, OH",ABORVIDEO101,1x1,805,1410,1410,07/22/2025,False
Liberty Summit,"Columbus, OH",ABORVIDEO101,1x1,805,1410,1410,07/23/2025,False
Liberty Summit,"Columbus, OH",ABORVIDEO101,1x1,805,1410,1410,07/24/2025,False
Liberty Summit,"Columbus, OH",ABORVIDEO101,1x1,805,1410,1410,07/25/2025,False
Liberty Summit,"Columbus, OH",ABORVIDEO101,1x1,805,1410,1410,07/26/2025,False
Liberty Summit,"Columbus, OH",ABORVIDEO101,1x1,805,1410,1410,07/27/2025,False
Liberty Summit,"Columbus, OH",ABORVIDEO101,1x1,805,1410,1410,07/28/2025,True
Liberty Summit,"Columbus, OH",ABORVIDEO201,1x1,805,1380,1380,03/29/2025,False
Liberty Summit,"Columbus, OH",ABORVIDEO201,1x1,805,1380,1380,03/30/2025,False
Liberty Summit,"Columbus, OH",ABORVIDEO201,1x1,805,1380,1380,03/31/2025,False
Liberty Summit,"Columbus, OH",ABORVIDEO201,1x1,805,1380,1380,04/01/2025,False
Liberty Summit,"Columbus, OH",ABORVIDEO201,1x1,805,1380,1380,04/02/2025,False
Liberty Summit,"Columbus, OH",ABORVIDEO201,1x1,805,1380,1380,04/03/2025,False
Liberty Summit,"Columbus, OH",ABORVIDEO201,1x1,805,1380,1380,04/04/2025,False
Liberty Summit,"Columbus, OH",ABORVIDEO201,1x1,805,1380,1380,04/05/2025,False
Liberty Summit,"Columbus, OH",ABORVIDEO201,1x1,805,1380,1380,04/06/2025,False
Liberty Summit,"Columbus, OH",ABORVIDEO201,1x1,805,1380,1380,04/07/2025,False
Liberty Summit,"Columbus, OH",ABORVIDEO201,1x1,805,1390,1390,04/08/2025,False
Liberty Summit,"Columbus, OH",ABORVIDEO201,1x1,805,1390,1390,04/09/2025,False
Liberty Summit,"Columbus, OH",ABORVIDEO201,1x1,805,1390,1390,04/10/2025,False
Liberty Summit,"Columbus, OH",ABORVIDEO201,1x1,805,1390,1390,04/11/2025,False
Liberty Summit,"Columbus, OH",ABORVIDEO201,1x1,805,1410,1410,04/12/2025,False
Liberty Summit,"Columbus, OH",ABORVIDEO201,1x1,805,1410,1410,04/13/2025,False
Liberty Summit,"Columbus, OH",ABORVIDEO201,1x1,805,1410,1410,04/14/2025,False
Liberty Summit,"Columbus, OH",ABORVIDEO201,1x1,805,1410,1410,04/15/2025,False
Liberty Summit,"Columbus, OH",ABORVIDEO201,1x1,805,1410,1410,04/16/2025,False
Liberty Summit,"Columbus, OH",ABORVIDEO201,1x1,805,1410,1410,04/17/2025,False
Liberty Summit,"Columbus, OH",ABORVIDEO201,1x1,805,1410,1410,04/18/2025,False
Liberty Summit,"Columbus, OH",ABORVIDEO201,1x1,805,1410,1410,04/19/2025,False
Liberty Summit,"Columbus, OH",ABORVIDEO201,1x1,805,1410,1410,04/20/2025,False
Liberty Summit,"Columbus, OH",ABORVIDEO201,1x1,805,1410,1410,04/21/2025,False
Liberty Summit,"Columbus, OH",ABORVIDEO201,1x1,805,1410,1410,04/22/2025,False
Liberty Summit,"Columbus, OH",ABORVIDEO201,1x1,805,1410,1410,04/23/2025,False
Liberty Summit,"Columbus, OH",ABORVIDEO201,1x1,805,1410,1410,04/24/2025,False
Liberty Summit,"Columbus, OH",ABORVIDEO201,1x1,805,1410,1410,04/25/2025,False
Liberty Summit,"Columbus, OH",ABORVIDEO201,1x1,805,1410,1410,04/26/2025,False
Liberty Summit,"Columbus, OH",ABORVIDEO201,1x1,805,1410,1410,04/27/2025,False
Liberty Summit,"Columbus, OH",ABORVIDEO201,1x1,805,1410,1410,04/28/2025,False
Liberty Summit,"Columbus, OH",ABORVIDEO201,1x1,805,1440,1440,04/29/2025,False
Liberty Summit,"Columbus, OH",ABORVIDEO201,1x1,805,1440,1440,04/30/2025,False
Liberty Summit,"Columbus, OH",ABORVIDEO201,1x1,805,1440,1440,05/01/2025,False
Liberty Summit,"Columbus, OH",ABORVIDEO201,1x1,805,1440,1440,05/02/2025,False
Liberty Summit,"Columbus, OH",ABORVIDEO201,1x1,805,1440,1440,05/03/2025,False
Liberty Summit,"Columbus, OH",ABORVIDEO201,1x1,805,1440,1440,05/04/2025,False
Liberty Summit,"Columbus, OH",ABORVIDEO201,1x1,805,1440,1440,05/05/2025,False
Liberty Summit,"Columbus, OH",ABORVIDEO201,1x1,805,1440,1440,05/06/2025,False
Liberty Summit,"Columbus, OH",ABORVIDEO201,1x1,805,1440,1440,05/07/2025,False
Liberty Summit,"Columbus, OH",ABORVIDEO201,1x1,805,1440,1440,05/08/2025,False
Liberty Summit,"Columbus, OH",ABORVIDEO201,1x1,805,1440,1440,05/09/2025,False
Liberty Summit,"Columbus, OH",ABORVIDEO201,1x1,805,1440,1440,05/10/2025,False
Liberty Summit,"Columbus, OH",ABORVIDEO201,1x1,805,1440,1440,05/11/2025,False
Liberty Summit,"Columbus, OH",ABORVIDEO201,1x1,805,1440,1440,05/12/2025,False
Liberty Summit,"Columbus, OH",ABORVIDEO201,1x1,805,1440,1440,05/13/2025,False
Liberty Summit,"Columbus, OH",ABORVIDEO201,1x1,805,1440,1440,05/14/2025,False
Liberty Summit,"Columbus, OH",ABORVIDEO201,1x1,805,1440,1440,05/15/2025,False
Liberty Summit,"Columbus, OH",ABORVIDEO201,1x1,805,1440,1440,05/16/2025,False
Liberty Summit,"Columbus, OH",ABORVIDEO201,1x1,805,1440,1440,05/17/2025,False
Liberty Summit,"Columbus, OH",ABORVIDEO201,1x1,805,1440,1440,05/18/2025,False
Liberty Summit,"Columbus, OH",ABORVIDEO201,1x1,805,1440,1440,05/19/2025,False
Liberty Summit,"Columbus, OH",ABORVIDEO201,1x1,805,1440,1440,05/20/2025,False
Liberty Summit,"Columbus, OH",ABORVIDEO201,1x1,805,1440,1440,05/21/2025,False
Liberty Summit,"Columbus, OH",ABORVIDEO201,1x1,805,1440,1440,05/22/2025,False
Liberty Summit,"Columbus, OH",ABORVIDEO201,1x1,805,1440,1440,05/23/2025,False
Liberty Summit,"Columbus, OH",ABORVIDEO201,1x1,805,1440,1440,05/24/2025,False
Liberty Summit,"Columbus, OH",ABORVIDEO201,1x1,805,1440,1440,05/25/2025,False
Liberty Summit,"Columbus, OH",ABORVIDEO201,1x1,805,1440,1440,05/26/2025,False
Liberty Summit,"Columbus, OH",ABORVIDEO201,1x1,805,1440,1440,05/27/2025,False
Liberty Summit,"Columbus, OH",ABORVIDEO201,1x1,805,1440,1440,05/28/2025,False
Liberty Summit,"Columbus, OH",ABORVIDEO201,1x1,805,1440,1440,05/29/2025,False
Liberty Summit,"Columbus, OH",ABORVIDEO201,1x1,805,1440,1440,05/30/2025,False
Liberty Summit,"Columbus, OH",ABORVIDEO201,1x1,805,1440,1440,05/31/2025,False
Liberty Summit,"Columbus, OH",ABORVIDEO201,1x1,805,1440,1440,06/01/2025,False
Liberty Summit,"Columbus, OH",ABORVIDEO201,1x1,805,1440,1440,06/02/2025,False
Liberty Summit,"Columbus, OH",ABORVIDEO201,1x1,805,1440,1440,06/03/2025,False
Liberty Summit,"Columbus, OH",ABORVIDEO201,1x1,805,1440,1440,06/04/2025,False
Liberty Summit,"Columbus, OH",ABORVIDEO201,1x1,805,1440,1440,06/05/2025,False
Liberty Summit,"Columbus, OH",ABORVIDEO201,1x1,805,1440,1440,06/06/2025,False
Liberty Summit,"Columbus, OH",ABORVIDEO201,1x1,805,1440,1440,06/07/2025,False
Liberty Summit,"Columbus, OH",ABORVIDEO201,1x1,805,1440,1440,06/08/2025,False
Liberty Summit,"Columbus, OH",ABORVIDEO201,1x1,805,1440,1440,06/09/2025,False
Liberty Summit,"Columbus, OH",ABORVIDEO201,1x1,805,1440,1440,06/10/2025,False
Liberty Summit,"Columbus, OH",ABORVIDEO201,1x1,805,1440,1440,06/11/2025,False
Liberty Summit,"Columbus, OH",ABORVIDEO201,1x1,805,1440,1440,06/12/2025,False
Liberty Summit,"Columbus, OH",ABORVIDEO201,1x1,805,1440,1440,06/13/2025,False
Liberty Summit,"Columbus, OH",ABORVIDEO201,1x1,805,1440,1440,06/14/2025,False
Liberty Summit,"Columbus, OH",ABORVIDEO201,1x1,805,1440,1440,06/15/2025,False
Liberty Summit,"Columbus, OH",ABORVIDEO201,1x1,805,1440,1440,06/16/2025,False
Liberty Summit,"Columbus, OH",ABORVIDEO201,1x1,805,1440,1440,06/17/2025,False
Liberty Summit,"Columbus, OH",ABORVIDEO201,1x1,805,1440,1440,06/18/2025,False
Liberty Summit,"Columbus, OH",ABORVIDEO201,1x1,805,1440,1440,06/19/2025,False
Liberty Summit,"Columbus, OH",ABORVIDEO201,1x1,805,1440,1440,06/20/2025,False
Liberty Summit,"Columbus, OH",ABORVIDEO201,1x1,805,1440,1440,06/21/2025,False
Liberty Summit,"Columbus, OH",ABORVIDEO201,1x1,805,1440,1440,06/22/2025,False
Liberty Summit,"Columbus, OH",ABORVIDEO201,1x1,805,1440,1440,06/23/2025,False
Liberty Summit,"Columbus, OH",ABORVIDEO201,1x1,805,1440,1440,06/24/2025,False
Liberty Summit,"Columbus, OH",ABORVIDEO201,1x1,805,1440,1440,06/25/2025,False
Liberty Summit,"Columbus, OH",ABORVIDEO201,1x1,805,1440,1440,06/26/2025,False
Liberty Summit,"Columbus, OH",ABORVIDEO201,1x1,805,1440,1440,06/27/2025,False
Liberty Summit,"Columbus, OH",ABORVIDEO201,1x1,805,1440,1440,06/28/2025,False
Liberty Summit,"Columbus, OH",ABORVIDEO201,1x1,805,1440,1440,06/29/2025,False
Liberty Summit,"Columbus, OH",ABORVIDEO201,1x1,805,1440,1440,06/30/2025,False
Liberty Summit,"Columbus, OH",ABORVIDEO201,1x1,805,1440,1440,07/01/2025,False
Liberty Summit,"Columbus, OH",ABORVIDEO201,1x1,805,1440,1440,07/02/2025,False
Liberty Summit,"Columbus, OH",ABORVIDEO201,1x1,805,1440,1440,07/03/2025,False
Liberty Summit,"Columbus, OH",ABORVIDEO201,1x1,805,1440,1440,07/04/2025,False
Liberty Summit,"Columbus, OH",ABORVIDEO201,1x1,805,1440,1440,07/05/2025,False
Liberty Summit,"Columbus, OH",ABORVIDEO201,1x1,805,1440,1440,07/06/2025,False
Liberty Summit,"Columbus, OH",ABORVIDEO201,1x1,805,1440,1440,07/07/2025,False
Liberty Summit,"Columbus, OH",ABORVIDEO201,1x1,805,1440,1440,07/08/2025,False
Liberty Summit,"Columbus, OH",ABORVIDEO201,1x1,805,1440,1440,07/09/2025,False
Liberty Summit,"Columbus, OH",ABORVIDEO201,1x1,805,1440,1440,07/10/2025,False
Liberty Summit,"Columbus, OH",ABORVIDEO201,1x1,805,1440,1440,07/11/2025,False
Liberty Summit,"Columbus, OH",ABORVIDEO201,1x1,805,1440,1440,07/12/2025,False
Liberty Summit,"Columbus, OH",ABORVIDEO201,1x1,805,1440,1440,07/13/2025,False
Liberty Summit,"Columbus, OH",ABORVIDEO201,1x1,805,1440,1440,07/14/2025,False
Liberty Summit,"Columbus, OH",ABORVIDEO201,1x1,805,1440,1440,07/15/2025,False
Liberty Summit,"Columbus, OH",ABORVIDEO201,1x1,805,1440,1440,07/16/2025,False
Liberty Summit,"Columbus, OH",ABORVIDEO201,1x1,805,1440,1440,07/17/2025,False
Liberty Summit,"Columbus, OH",ABORVIDEO201,1x1,805,1440,1440,07/18/2025,False
Liberty Summit,"Columbus, OH",ABORVIDEO201,1x1,805,1440,1440,07/19/2025,False
Liberty Summit,"Columbus, OH",ABORVIDEO201,1x1,805,1440,1440,07/20/2025,False
Liberty Summit,"Columbus, OH",ABORVIDEO201,1x1,805,1440,1440,07/21/2025,False
Liberty Summit,"Columbus, OH",ABORVIDEO201,1x1,805,1440,1440,07/22/2025,False
Liberty Summit,"Columbus, OH",ABORVIDEO201,1x1,805,1440,1440,07/23/2025,False
Liberty Summit,"Columbus, OH",ABORVIDEO201,1x1,805,1440,1440,07/24/2025,False
Liberty Summit,"Columbus, OH",ABORVIDEO201,1x1,805,1440,1440,07/25/2025,False
Liberty Summit,"Columbus, OH",ABORVIDEO201,1x1,805,1440,1440,07/26/2025,False
Liberty Summit,"Columbus, OH",ABORVIDEO201,1x1,805,1440,1440,07/27/2025,False
Liberty Summit,"Columbus, OH",ABORVIDEO201,1x1,805,1440,1440,07/28/2025,True
Liberty Summit,"Columbus, OH",CHATEAUVIDEO101,2x2,1141,1720,1720,03/29/2025,False
Liberty Summit,"Columbus, OH",CHATEAUVIDEO101,2x2,1141,1720,1720,03/30/2025,False
Liberty Summit,"Columbus, OH",CHATEAUVIDEO101,2x2,1141,1720,1720,03/31/2025,False
Liberty Summit,"Columbus, OH",CHATEAUVIDEO101,2x2,1141,1720,1720,04/01/2025,False
Liberty Summit,"Columbus, OH",CHATEAUVIDEO101,2x2,1141,1720,1720,04/02/2025,False
Liberty Summit,"Columbus, OH",CHATEAUVIDEO101,2x2,1141,1720,1720,04/03/2025,False
Liberty Summit,"Columbus, OH",CHATEAUVIDEO101,2x2,1141,1720,1720,04/04/2025,False
Liberty Summit,"Columbus, OH",CHATEAUVIDEO101,2x2,1141,1720,1720,04/05/2025,False
Liberty Summit,"Columbus, OH",CHATEAUVIDEO101,2x2,1141,1720,1720,04/06/2025,False
Liberty Summit,"Columbus, OH",CHATEAUVIDEO101,2x2,1141,1720,1720,04/07/2025,False
Liberty Summit,"Columbus, OH",CHATEAUVIDEO101,2x2,1141,1720,1720,04/08/2025,False
Liberty Summit,"Columbus, OH",CHATEAUVIDEO101,2x2,1141,1720,1720,04/09/2025,False
Liberty Summit,"Columbus, OH",CHATEAUVIDEO101,2x2,1141,1720,1720,04/10/2025,False
Liberty Summit,"Columbus, OH",CHATEAUVIDEO101,2x2,1141,1720,1720,04/11/2025,False
Liberty Summit,"Columbus, OH",CHATEAUVIDEO101,2x2,1141,1720,1720,04/12/2025,False
Liberty Summit,"Columbus, OH",CHATEAUVIDEO101,2x2,1141,1720,1720,04/13/2025,False
Liberty Summit,"Columbus, OH",CHATEAUVIDEO101,2x2,1141,1720,1720,04/14/2025,False
Liberty Summit,"Columbus, OH",CHATEAUVIDEO101,2x2,1141,1720,1720,04/15/2025,False
Liberty Summit,"Columbus, OH",CHATEAUVIDEO101,2x2,1141,1720,1720,04/16/2025,False
Liberty Summit,"Columbus, OH",CHATEAUVIDEO101,2x2,1141,1720,1720,04/17/2025,False
Liberty Summit,"Columbus, OH",CHATEAUVIDEO101,2x2,1141,1720,1720,04/18/2025,False
Liberty Summit,"Columbus, OH",CHATEAUVIDEO101,2x2,1141,1720,1720,04/19/2025,False
Liberty Summit,"Columbus, OH",CHATEAUVIDEO101,2x2,1141,1720,1720,04/20/2025,False
Liberty Summit,"Columbus, OH",CHATEAUVIDEO101,2x2,1141,1720,1720,04/21/2025,False
Liberty Summit,"Columbus, OH",CHATEAUVIDEO101,2x2,1141,1720,1720,04/22/2025,False
Liberty Summit,"Columbus, OH",CHATEAUVIDEO101,2x2,1141,1720,1720,04/23/2025,False
Liberty Summit,"Columbus, OH",CHATEAUVIDEO101,2x2,1141,1720,1720,04/24/2025,False
Liberty Summit,"Columbus, OH",CHATEAUVIDEO101,2x2,1141,1720,1720,04/25/2025,False
Liberty Summit,"Columbus, OH",CHATEAUVIDEO101,2x2,1141,1720,1720,04/26/2025,False
Liberty Summit,"Columbus, OH",CHATEAUVIDEO101,2x2,1141,1720,1720,04/27/2025,False
Liberty Summit,"Columbus, OH",CHATEAUVIDEO101,2x2,1141,1720,1720,04/28/2025,False
Liberty Summit,"Columbus, OH",CHATEAUVIDEO101,2x2,1141,1720,1720,04/29/2025,False
Liberty Summit,"Columbus, OH",CHATEAUVIDEO101,2x2,1141,1720,1720,04/30/2025,False
Liberty Summit,"Columbus, OH",CHATEAUVIDEO101,2x2,1141,1720,1720,05/01/2025,False
Liberty Summit,"Columbus, OH",CHATEAUVIDEO101,2x2,1141,1720,1720,05/02/2025,False
Liberty Summit,"Columbus, OH",CHATEAUVIDEO101,2x2,1141,1720,1720,05/03/2025,False
Liberty Summit,"Columbus, OH",CHATEAUVIDEO101,2x2,1141,1720,1720,05/04/2025,False
Liberty Summit,"Columbus, OH",CHATEAUVIDEO101,2x2,1141,1720,1720,05/05/2025,False
Liberty Summit,"Columbus, OH",CHATEAUVIDEO101,2x2,1141,1720,1720,05/06/2025,False
Liberty Summit,"Columbus, OH",CHATEAUVIDEO101,2x2,1141,1720,1720,05/07/2025,False
Liberty Summit,"Columbus, OH",CHATEAUVIDEO101,2x2,1141,1720,1720,05/08/2025,False
Liberty Summit,"Columbus, OH",CHATEAUVIDEO101,2x2,1141,1720,1720,05/09/2025,False
Liberty Summit,"Columbus, OH",CHATEAUVIDEO101,2x2,1141,1720,1720,05/10/2025,False
Liberty Summit,"Columbus, OH",CHATEAUVIDEO101,2x2,1141,1720,1720,05/11/2025,False
Liberty Summit,"Columbus, OH",CHATEAUVIDEO101,2x2,1141,1720,1720,05/12/2025,False
Liberty Summit,"Columbus, OH",CHATEAUVIDEO101,2x2,1141,1720,1720,05/13/2025,False
Liberty Summit,"Columbus, OH",CHATEAUVIDEO101,2x2,1141,1720,1720,05/14/2025,False
Liberty Summit,"Columbus, OH",CHATEAUVIDEO101,2x2,1141,1720,1720,05/15/2025,False
Liberty Summit,"Columbus, OH",CHATEAUVIDEO101,2x2,1141,1720,1720,05/16/2025,False
Liberty Summit,"Columbus, OH",CHATEAUVIDEO101,2x2,1141,1720,1720,05/17/2025,False
Liberty Summit,"Columbus, OH",CHATEAUVIDEO101,2x2,1141,1720,1720,05/18/2025,False
Liberty Summit,"Columbus, OH",CHATEAUVIDEO101,2x2,1141,1720,1720,05/19/2025,False
Liberty Summit,"Columbus, OH",CHATEAUVIDEO101,2x2,1141,1720,1720,05/20/2025,False
Liberty Summit,"Columbus, OH",CHATEAUVIDEO101,2x2,1141,1720,1720,05/21/2025,False
Liberty Summit,"Columbus, OH",CHATEAUVIDEO101,2x2,1141,1720,1720,05/22/2025,False
Liberty Summit,"Columbus, OH",CHATEAUVIDEO101,2x2,1141,1720,1720,05/23/2025,False
Liberty Summit,"Columbus, OH",CHATEAUVIDEO101,2x2,1141,1720,1720,05/24/2025,False
Liberty Summit,"Columbus, OH",CHATEAUVIDEO101,2x2,1141,1720,1720,05/25/2025,False
Liberty Summit,"Columbus, OH",CHATEAUVIDEO101,2x2,1141,1720,1720,05/26/2025,False
Liberty Summit,"Columbus, OH",CHATEAUVIDEO101,2x2,1141,1720,1720,05/27/2025,False
Liberty Summit,"Columbus, OH",CHATEAUVIDEO101,2x2,1141,1720,1720,05/28/2025,False
Liberty Summit,"Columbus, OH",CHATEAUVIDEO101,2x2,1141,1720,1720,05/29/2025,False
Liberty Summit,"Columbus, OH",CHATEAUVIDEO101,2x2,1141,1720,1720,05/30/2025,False
Liberty Summit,"Columbus, OH",CHATEAUVIDEO101,2x2,1141,1720,1720,05/31/2025,False
Liberty Summit,"Columbus, OH",CHATEAUVIDEO101,2x2,1141,1720,1720,06/01/2025,False
Liberty Summit,"Columbus, OH",CHATEAUVIDEO101,2x2,1141,1720,1720,06/02/2025,False
Liberty Summit,"Columbus, OH",CHATEAUVIDEO101,2x2,1141,1720,1720,06/03/2025,False
Liberty Summit,"Columbus, OH",CHATEAUVIDEO101,2x2,1141,1720,1720,06/04/2025,False
Liberty Summit,"Columbus, OH",CHATEAUVIDEO101,2x2,1141,1720,1720,06/05/2025,False
Liberty Summit,"Columbus, OH",CHATEAUVIDEO101,2x2,1141,1720,1720,06/06/2025,False
Liberty Summit,"Columbus, OH",CHATEAUVIDEO101,2x2,1141,1720,1720,06/07/2025,False
Liberty Summit,"Columbus, OH",CHATEAUVIDEO101,2x2,1141,1720,1720,06/08/2025,False
Liberty Summit,"Columbus, OH",CHATEAUVIDEO101,2x2,1141,1720,1720,06/09/2025,False
Liberty Summit,"Columbus, OH",CHATEAUVIDEO101,2x2,1141,1720,1720,06/10/2025,False
Liberty Summit,"Columbus, OH",CHATEAUVIDEO101,2x2,1141,1720,1720,06/11/2025,False
Liberty Summit,"Columbus, OH",CHATEAUVIDEO101,2x2,1141,1720,1720,06/12/2025,False
Liberty Summit,"Columbus, OH",CHATEAUVIDEO101,2x2,1141,1720,1720,06/13/2025,False
Liberty Summit,"Columbus, OH",CHATEAUVIDEO101,2x2,1141,1720,1720,06/14/2025,False
Liberty Summit,"Columbus, OH",CHATEAUVIDEO101,2x2,1141,1720,1720,06/15/2025,False
Liberty Summit,"Columbus, OH",CHATEAUVIDEO101,2x2,1141,1720,1720,06/16/2025,False
Liberty Summit,"Columbus, OH",CHATEAUVIDEO101,2x2,1141,1720,1720,06/17/2025,False
Liberty Summit,"Columbus, OH",CHATEAUVIDEO101,2x2,1141,1720,1720,06/18/2025,False
Liberty Summit,"Columbus, OH",CHATEAUVIDEO101,2x2,1141,1720,1720,06/19/2025,False
Liberty Summit,"Columbus, OH",CHATEAUVIDEO101,2x2,1141,1720,1720,06/20/2025,False
Liberty Summit,"Columbus, OH",CHATEAUVIDEO101,2x2,1141,1720,1720,06/21/2025,False
Liberty Summit,"Columbus, OH",CHATEAUVIDEO101,2x2,1141,1720,1720,06/22/2025,False
Liberty Summit,"Columbus, OH",CHATEAUVIDEO101,2x2,1141,1720,1720,06/23/2025,False
Liberty Summit,"Columbus, OH",CHATEAUVIDEO101,2x2,1141,1720,1720,06/24/2025,False
Liberty Summit,"Columbus, OH",CHATEAUVIDEO101,2x2,1141,1720,1720,06/25/2025,False
Liberty Summit,"Columbus, OH",CHATEAUVIDEO101,2x2,1141,1720,1720,06/26/2025,False
Liberty Summit,"Columbus, OH",CHATEAUVIDEO101,2x2,1141,1720,1720,06/27/2025,False
Liberty Summit,"Columbus, OH",CHATEAUVIDEO101,2x2,1141,1720,1720,06/28/2025,False
Liberty Summit,"Columbus, OH",CHATEAUVIDEO101,2x2,1141,1720,1720,06/29/2025,False
Liberty Summit,"Columbus, OH",CHATEAUVIDEO101,2x2,1141,1720,1720,06/30/2025,False
Liberty Summit,"Columbus, OH",CHATEAUVIDEO101,2x2,1141,1720,1720,07/01/2025,False
Liberty Summit,"Columbus, OH",CHATEAUVIDEO101,2x2,1141,1720,1720,07/02/2025,False
Liberty Summit,"Columbus, OH",CHATEAUVIDEO101,2x2,1141,1720,1720,07/03/2025,False
Liberty Summit,"Columbus, OH",CHATEAUVIDEO101,2x2,1141,1720,1720,07/04/2025,False
Liberty Summit,"Columbus, OH",CHATEAUVIDEO101,2x2,1141,1720,1720,07/05/2025,False
Liberty Summit,"Columbus, OH",CHATEAUVIDEO101,2x2,1141,1720,1720,07/06/2025,False
Liberty Summit,"Columbus, OH",CHATEAUVIDEO101,2x2,1141,1720,1720,07/07/2025,False
Liberty Summit,"Columbus, OH",CHATEAUVIDEO101,2x2,1141,1720,1720,07/08/2025,False
Liberty Summit,"Columbus, OH",CHATEAUVIDEO101,2x2,1141,1720,1720,07/09/2025,False
Liberty Summit,"Columbus, OH",CHATEAUVIDEO101,2x2,1141,1720,1720,07/10/2025,False
Liberty Summit,"Columbus, OH",CHATEAUVIDEO101,2x2,1141,1720,1720,07/11/2025,False
Liberty Summit,"Columbus, OH",CHATEAUVIDEO101,2x2,1141,1720,1720,07/12/2025,False
Liberty Summit,"Columbus, OH",CHATEAUVIDEO101,2x2,1141,1720,1720,07/13/2025,False
Liberty Summit,"Columbus, OH",CHATEAUVIDEO101,2x2,1141,1720,1720,07/14/2025,False
Liberty Summit,"Columbus, OH",CHATEAUVIDEO101,2x2,1141,1720,1720,07/15/2025,False
Liberty Summit,"Columbus, OH",CHATEAUVIDEO101,2x2,1141,1720,1720,07/16/2025,False
Liberty Summit,"Columbus, OH",CHATEAUVIDEO101,2x2,1141,1720,1720,07/17/2025,False
Liberty Summit,"Columbus, OH",CHATEAUVIDEO101,2x2,1141,1720,1720,07/18/2025,False
Liberty Summit,"Columbus, OH",CHATEAUVIDEO101,2x2,1141,1720,1720,07/19/2025,False
Liberty Summit,"Columbus, OH",CHATEAUVIDEO101,2x2,1141,1720,1720,07/20/2025,False
Liberty Summit,"Columbus, OH",CHATEAUVIDEO101,2x2,1141,1720,1720,07/21/2025,False
Liberty Summit,"Columbus, OH",CHATEAUVIDEO101,2x2,1141,1720,1720,07/22/2025,False
Liberty Summit,"Columbus, OH",CHATEAUVIDEO101,2x2,1141,1720,1720,07/23/2025,False
Liberty Summit,"Columbus, OH",CHATEAUVIDEO101,2x2,1141,1720,1720,07/24/2025,False
Liberty Summit,"Columbus, OH",CHATEAUVIDEO101,2x2,1141,1720,1720,07/25/2025,False
Liberty Summit,"Columbus, OH",CHATEAUVIDEO101,2x2,1141,1720,1720,07/26/2025,False
Liberty Summit,"Columbus, OH",CHATEAUVIDEO101,2x2,1141,1720,1720,07/27/2025,False
Liberty Summit,"Columbus, OH",CHATEAUVIDEO101,2x2,1141,1720,1720,07/28/2025,True
Liberty Summit,"Columbus, OH",CHATEAUVIDEO201,2x2,1141,1690,1690,03/29/2025,False
Liberty Summit,"Columbus, OH",CHATEAUVIDEO201,2x2,1141,1690,1690,03/30/2025,False
Liberty Summit,"Columbus, OH",CHATEAUVIDEO201,2x2,1141,1690,1690,03/31/2025,False
Liberty Summit,"Columbus, OH",CHATEAUVIDEO201,2x2,1141,1690,1690,04/01/2025,False
Liberty Summit,"Columbus, OH",CHATEAUVIDEO201,2x2,1141,1690,1690,04/02/2025,False
Liberty Summit,"Columbus, OH",CHATEAUVIDEO201,2x2,1141,1690,1690,04/03/2025,False
Liberty Summit,"Columbus, OH",CHATEAUVIDEO201,2x2,1141,1690,1690,04/04/2025,False
Liberty Summit,"Columbus, OH",CHATEAUVIDEO201,2x2,1141,1690,1690,04/05/2025,False
Liberty Summit,"Columbus, OH",CHATEAUVIDEO201,2x2,1141,1690,1690,04/06/2025,False
Liberty Summit,"Columbus, OH",CHATEAUVIDEO201,2x2,1141,1690,1690,04/07/2025,False
Liberty Summit,"Columbus, OH",CHATEAUVIDEO201,2x2,1141,1690,1690,04/08/2025,False
Liberty Summit,"Columbus, OH",CHATEAUVIDEO201,2x2,1141,1690,1690,04/09/2025,False
Liberty Summit,"Columbus, OH",CHATEAUVIDEO201,2x2,1141,1690,1690,04/10/2025,False
Liberty Summit,"Columbus, OH",CHATEAUVIDEO201,2x2,1141,1690,1690,04/11/2025,False
Liberty Summit,"Columbus, OH",CHATEAUVIDEO201,2x2,1141,1690,1690,04/12/2025,False
Liberty Summit,"Columbus, OH",CHATEAUVIDEO201,2x2,1141,1690,1690,04/13/2025,False
Liberty Summit,"Columbus, OH",CHATEAUVIDEO201,2x2,1141,1690,1690,04/14/2025,False
Liberty Summit,"Columbus, OH",CHATEAUVIDEO201,2x2,1141,1690,1690,04/15/2025,False
Liberty Summit,"Columbus, OH",CHATEAUVIDEO201,2x2,1141,1690,1690,04/16/2025,False
Liberty Summit,"Columbus, OH",CHATEAUVIDEO201,2x2,1141,1690,1690,04/17/2025,False
Liberty Summit,"Columbus, OH",CHATEAUVIDEO201,2x2,1141,1690,1690,04/18/2025,False
Liberty Summit,"Columbus, OH",CHATEAUVIDEO201,2x2,1141,1690,1690,04/19/2025,False
Liberty Summit,"Columbus, OH",CHATEAUVIDEO201,2x2,1141,1690,1690,04/20/2025,False
Liberty Summit,"Columbus, OH",CHATEAUVIDEO201,2x2,1141,1690,1690,04/21/2025,False
Liberty Summit,"Columbus, OH",CHATEAUVIDEO201,2x2,1141,1690,1690,04/22/2025,False
Liberty Summit,"Columbus, OH",CHATEAUVIDEO201,2x2,1141,1690,1690,04/23/2025,False
Liberty Summit,"Columbus, OH",CHATEAUVIDEO201,2x2,1141,1690,1690,04/24/2025,False
Liberty Summit,"Columbus, OH",CHATEAUVIDEO201,2x2,1141,1690,1690,04/25/2025,False
Liberty Summit,"Columbus, OH",CHATEAUVIDEO201,2x2,1141,1690,1690,04/26/2025,False
Liberty Summit,"Columbus, OH",CHATEAUVIDEO201,2x2,1141,1690,1690,04/27/2025,False
Liberty Summit,"Columbus, OH",CHATEAUVIDEO201,2x2,1141,1690,1690,04/28/2025,False
Liberty Summit,"Columbus, OH",CHATEAUVIDEO201,2x2,1141,1690,1690,04/29/2025,False
Liberty Summit,"Columbus, OH",CHATEAUVIDEO201,2x2,1141,1690,1690,04/30/2025,False
Liberty Summit,"Columbus, OH",CHATEAUVIDEO201,2x2,1141,1690,1690,05/01/2025,False
Liberty Summit,"Columbus, OH",CHATEAUVIDEO201,2x2,1141,1690,1690,05/02/2025,False
Liberty Summit,"Columbus, OH",CHATEAUVIDEO201,2x2,1141,1690,1690,05/03/2025,False
Liberty Summit,"Columbus, OH",CHATEAUVIDEO201,2x2,1141,1690,1690,05/04/2025,False
Liberty Summit,"Columbus, OH",CHATEAUVIDEO201,2x2,1141,1690,1690,05/05/2025,False
Liberty Summit,"Columbus, OH",CHATEAUVIDEO201,2x2,1141,1690,1690,05/06/2025,False
Liberty Summit,"Columbus, OH",CHATEAUVIDEO201,2x2,1141,1690,1690,05/07/2025,False
Liberty Summit,"Columbus, OH",CHATEAUVIDEO201,2x2,1141,1690,1690,05/08/2025,False
Liberty Summit,"Columbus, OH",CHATEAUVIDEO201,2x2,1141,1690,1690,05/09/2025,False
Liberty Summit,"Columbus, OH",CHATEAUVIDEO201,2x2,1141,1690,1690,05/10/2025,False
Liberty Summit,"Columbus, OH",CHATEAUVIDEO201,2x2,1141,1690,1690,05/11/2025,False
Liberty Summit,"Columbus, OH",CHATEAUVIDEO201,2x2,1141,1690,1690,05/12/2025,False
Liberty Summit,"Columbus, OH",CHATEAUVIDEO201,2x2,1141,1690,1690,05/13/2025,False
Liberty Summit,"Columbus, OH",CHATEAUVIDEO201,2x2,1141,1690,1690,05/14/2025,False
Liberty Summit,"Columbus, OH",CHATEAUVIDEO201,2x2,1141,1690,1690,05/15/2025,False
Liberty Summit,"Columbus, OH",CHATEAUVIDEO201,2x2,1141,1690,1690,05/16/2025,False
Liberty Summit,"Columbus, OH",CHATEAUVIDEO201,2x2,1141,1690,1690,05/17/2025,False
Liberty Summit,"Columbus, OH",CHATEAUVIDEO201,2x2,1141,1690,1690,05/18/2025,False
Liberty Summit,"Columbus, OH",CHATEAUVIDEO201,2x2,1141,1690,1690,05/19/2025,False
Liberty Summit,"Columbus, OH",CHATEAUVIDEO201,2x2,1141,1690,1690,05/20/2025,False
Liberty Summit,"Columbus, OH",CHATEAUVIDEO201,2x2,1141,1690,1690,05/21/2025,False
Liberty Summit,"Columbus, OH",CHATEAUVIDEO201,2x2,1141,1690,1690,05/22/2025,False
Liberty Summit,"Columbus, OH",CHATEAUVIDEO201,2x2,1141,1690,1690,05/23/2025,False
Liberty Summit,"Columbus, OH",CHATEAUVIDEO201,2x2,1141,1690,1690,05/24/2025,False
Liberty Summit,"Columbus, OH",CHATEAUVIDEO201,2x2,1141,1690,1690,05/25/2025,False
Liberty Summit,"Columbus, OH",CHATEAUVIDEO201,2x2,1141,1690,1690,05/26/2025,False
Liberty Summit,"Columbus, OH",CHATEAUVIDEO201,2x2,1141,1690,1690,05/27/2025,False
Liberty Summit,"Columbus, OH",CHATEAUVIDEO201,2x2,1141,1690,1690,05/28/2025,False
Liberty Summit,"Columbus, OH",CHATEAUVIDEO201,2x2,1141,1690,1690,05/29/2025,False
Liberty Summit,"Columbus, OH",CHATEAUVIDEO201,2x2,1141,1690,1690,05/30/2025,False
Liberty Summit,"Columbus, OH",CHATEAUVIDEO201,2x2,1141,1690,1690,05/31/2025,False
Liberty Summit,"Columbus, OH",CHATEAUVIDEO201,2x2,1141,1690,1690,06/01/2025,False
Liberty Summit,"Columbus, OH",CHATEAUVIDEO201,2x2,1141,1690,1690,06/02/2025,False
Liberty Summit,"Columbus, OH",CHATEAUVIDEO201,2x2,1141,1690,1690,06/03/2025,False
Liberty Summit,"Columbus, OH",CHATEAUVIDEO201,2x2,1141,1690,1690,06/04/2025,False
Liberty Summit,"Columbus, OH",CHATEAUVIDEO201,2x2,1141,1690,1690,06/05/2025,False
Liberty Summit,"Columbus, OH",CHATEAUVIDEO201,2x2,1141,1690,1690,06/06/2025,False
Liberty Summit,"Columbus, OH",CHATEAUVIDEO201,2x2,1141,1690,1690,06/07/2025,False
Liberty Summit,"Columbus, OH",CHATEAUVIDEO201,2x2,1141,1690,1690,06/08/2025,False
Liberty Summit,"Columbus, OH",CHATEAUVIDEO201,2x2,1141,1690,1690,06/09/2025,False
Liberty Summit,"Columbus, OH",CHATEAUVIDEO201,2x2,1141,1690,1690,06/10/2025,False
Liberty Summit,"Columbus, OH",CHATEAUVIDEO201,2x2,1141,1690,1690,06/11/2025,False
Liberty Summit,"Columbus, OH",CHATEAUVIDEO201,2x2,1141,1690,1690,06/12/2025,False
Liberty Summit,"Columbus, OH",CHATEAUVIDEO201,2x2,1141,1690,1690,06/13/2025,False
Liberty Summit,"Columbus, OH",CHATEAUVIDEO201,2x2,1141,1690,1690,06/14/2025,False
Liberty Summit,"Columbus, OH",CHATEAUVIDEO201,2x2,1141,1690,1690,06/15/2025,False
Liberty Summit,"Columbus, OH",CHATEAUVIDEO201,2x2,1141,1690,1690,06/16/2025,False
Liberty Summit,"Columbus, OH",CHATEAUVIDEO201,2x2,1141,1690,1690,06/17/2025,False
Liberty Summit,"Columbus, OH",CHATEAUVIDEO201,2x2,1141,1690,1690,06/18/2025,False
Liberty Summit,"Columbus, OH",CHATEAUVIDEO201,2x2,1141,1690,1690,06/19/2025,False
Liberty Summit,"Columbus, OH",CHATEAUVIDEO201,2x2,1141,1690,1690,06/20/2025,False
Liberty Summit,"Columbus, OH",CHATEAUVIDEO201,2x2,1141,1690,1690,06/21/2025,False
Liberty Summit,"Columbus, OH",CHATEAUVIDEO201,2x2,1141,1690,1690,06/22/2025,False
Liberty Summit,"Columbus, OH",CHATEAUVIDEO201,2x2,1141,1690,1690,06/23/2025,False
Liberty Summit,"Columbus, OH",CHATEAUVIDEO201,2x2,1141,1690,1690,06/24/2025,False
Liberty Summit,"Columbus, OH",CHATEAUVIDEO201,2x2,1141,1690,1690,06/25/2025,False
Liberty Summit,"Columbus, OH",CHATEAUVIDEO201,2x2,1141,1690,1690,06/26/2025,False
Liberty Summit,"Columbus, OH",CHATEAUVIDEO201,2x2,1141,1690,1690,06/27/2025,False
Liberty Summit,"Columbus, OH",CHATEAUVIDEO201,2x2,1141,1690,1690,06/28/2025,False
Liberty Summit,"Columbus, OH",CHATEAUVIDEO201,2x2,1141,1690,1690,06/29/2025,False
Liberty Summit,"Columbus, OH",CHATEAUVIDEO201,2x2,1141,1690,1690,06/30/2025,False
Liberty Summit,"Columbus, OH",CHATEAUVIDEO201,2x2,1141,1690,1690,07/01/2025,False
Liberty Summit,"Columbus, OH",CHATEAUVIDEO201,2x2,1141,1690,1690,07/02/2025,False
Liberty Summit,"Columbus, OH",CHATEAUVIDEO201,2x2,1141,1690,1690,07/03/2025,False
Liberty Summit,"Columbus, OH",CHATEAUVIDEO201,2x2,1141,1690,1690,07/04/2025,False
Liberty Summit,"Columbus, OH",CHATEAUVIDEO201,2x2,1141,1690,1690,07/05/2025,False
Liberty Summit,"Columbus, OH",CHATEAUVIDEO201,2x2,1141,1690,1690,07/06/2025,False
Liberty Summit,"Columbus, OH",CHATEAUVIDEO201,2x2,1141,1690,1690,07/07/2025,False
Liberty Summit,"Columbus, OH",CHATEAUVIDEO201,2x2,1141,1690,1690,07/08/2025,False
Liberty Summit,"Columbus, OH",CHATEAUVIDEO201,2x2,1141,1690,1690,07/09/2025,False
Liberty Summit,"Columbus, OH",CHATEAUVIDEO201,2x2,1141,1690,1690,07/10/2025,False
Liberty Summit,"Columbus, OH",CHATEAUVIDEO201,2x2,1141,1690,1690,07/11/2025,False
Liberty Summit,"Columbus, OH",CHATEAUVIDEO201,2x2,1141,1690,1690,07/12/2025,False
Liberty Summit,"Columbus, OH",CHATEAUVIDEO201,2x2,1141,1690,1690,07/13/2025,False
Liberty Summit,"Columbus, OH",CHATEAUVIDEO201,2x2,1141,1690,1690,07/14/2025,False
Liberty Summit,"Columbus, OH",CHATEAUVIDEO201,2x2,1141,1690,1690,07/15/2025,False
Liberty Summit,"Columbus, OH",CHATEAUVIDEO201,2x2,1141,1690,1690,07/16/2025,False
Liberty Summit,"Columbus, OH",CHATEAUVIDEO201,2x2,1141,1690,1690,07/17/2025,False
Liberty Summit,"Columbus, OH",CHATEAUVIDEO201,2x2,1141,1690,1690,07/18/2025,False
Liberty Summit,"Columbus, OH",CHATEAUVIDEO201,2x2,1141,1690,1690,07/19/2025,False
Liberty Summit,"Columbus, OH",CHATEAUVIDEO201,2x2,1141,1690,1690,07/20/2025,False
Liberty Summit,"Columbus, OH",CHATEAUVIDEO201,2x2,1141,1690,1690,07/21/2025,False
Liberty Summit,"Columbus, OH",CHATEAUVIDEO201,2x2,1141,1690,1690,07/22/2025,False
Liberty Summit,"Columbus, OH",CHATEAUVIDEO201,2x2,1141,1690,1690,07/23/2025,False
Liberty Summit,"Columbus, OH",CHATEAUVIDEO201,2x2,1141,1690,1690,07/24/2025,False
Liberty Summit,"Columbus, OH",CHATEAUVIDEO201,2x2,1141,1690,1690,07/25/2025,False
Liberty Summit,"Columbus, OH",CHATEAUVIDEO201,2x2,1141,1690,1690,07/26/2025,False
Liberty Summit,"Columbus, OH",CHATEAUVIDEO201,2x2,1141,1690,1690,07/27/2025,False
Liberty Summit,"Columbus, OH",CHATEAUVIDEO201,2x2,1141,1690,1690,07/28/2025,True
Liberty Summit,"Columbus, OH",ENCOREVIDEO201,2x2,1242,1890,1890,03/29/2025,False
Liberty Summit,"Columbus, OH",ENCOREVIDEO201,2x2,1242,1890,1890,03/30/2025,False
Liberty Summit,"Columbus, OH",ENCOREVIDEO201,2x2,1242,1890,1890,03/31/2025,False
Liberty Summit,"Columbus, OH",ENCOREVIDEO201,2x2,1242,1890,1890,04/01/2025,False
Liberty Summit,"Columbus, OH",ENCOREVIDEO201,2x2,1242,1890,1890,04/02/2025,False
Liberty Summit,"Columbus, OH",ENCOREVIDEO201,2x2,1242,1890,1890,04/03/2025,False
Liberty Summit,"Columbus, OH",ENCOREVIDEO201,2x2,1242,1890,1890,04/04/2025,False
Liberty Summit,"Columbus, OH",ENCOREVIDEO201,2x2,1242,1890,1890,04/05/2025,False
Liberty Summit,"Columbus, OH",ENCOREVIDEO201,2x2,1242,1890,1890,04/06/2025,False
Liberty Summit,"Columbus, OH",ENCOREVIDEO201,2x2,1242,1890,1890,04/07/2025,False
Liberty Summit,"Columbus, OH",ENCOREVIDEO201,2x2,1242,1890,1890,04/08/2025,False
Liberty Summit,"Columbus, OH",ENCOREVIDEO201,2x2,1242,1890,1890,04/09/2025,False
Liberty Summit,"Columbus, OH",ENCOREVIDEO201,2x2,1242,1890,1890,04/10/2025,False
Liberty Summit,"Columbus, OH",ENCOREVIDEO201,2x2,1242,1890,1890,04/11/2025,False
Liberty Summit,"Columbus, OH",ENCOREVIDEO201,2x2,1242,1890,1890,04/12/2025,False
Liberty Summit,"Columbus, OH",ENCOREVIDEO201,2x2,1242,1890,1890,04/13/2025,False
Liberty Summit,"Columbus, OH",ENCOREVIDEO201,2x2,1242,1890,1890,04/14/2025,False
Liberty Summit,"Columbus, OH",ENCOREVIDEO201,2x2,1242,1890,1890,04/15/2025,False
Liberty Summit,"Columbus, OH",ENCOREVIDEO201,2x2,1242,1890,1890,04/16/2025,False
Liberty Summit,"Columbus, OH",ENCOREVIDEO201,2x2,1242,1890,1890,04/17/2025,False
Liberty Summit,"Columbus, OH",ENCOREVIDEO201,2x2,1242,1890,1890,04/18/2025,False
Liberty Summit,"Columbus, OH",ENCOREVIDEO201,2x2,1242,1890,1890,04/19/2025,False
Liberty Summit,"Columbus, OH",ENCOREVIDEO201,2x2,1242,1890,1890,04/20/2025,False
Liberty Summit,"Columbus, OH",ENCOREVIDEO201,2x2,1242,1890,1890,04/21/2025,False
Liberty Summit,"Columbus, OH",ENCOREVIDEO201,2x2,1242,1890,1890,04/22/2025,False
Liberty Summit,"Columbus, OH",ENCOREVIDEO201,2x2,1242,1890,1890,04/23/2025,False
Liberty Summit,"Columbus, OH",ENCOREVIDEO201,2x2,1242,1890,1890,04/24/2025,False
Liberty Summit,"Columbus, OH",ENCOREVIDEO201,2x2,1242,1890,1890,04/25/2025,False
Liberty Summit,"Columbus, OH",ENCOREVIDEO201,2x2,1242,1890,1890,04/26/2025,False
Liberty Summit,"Columbus, OH",ENCOREVIDEO201,2x2,1242,1890,1890,04/27/2025,False
Liberty Summit,"Columbus, OH",ENCOREVIDEO201,2x2,1242,1890,1890,04/28/2025,False
Liberty Summit,"Columbus, OH",ENCOREVIDEO201,2x2,1242,1890,1890,04/29/2025,False
Liberty Summit,"Columbus, OH",ENCOREVIDEO201,2x2,1242,1890,1890,04/30/2025,False
Liberty Summit,"Columbus, OH",ENCOREVIDEO201,2x2,1242,1890,1890,05/01/2025,False
Liberty Summit,"Columbus, OH",ENCOREVIDEO201,2x2,1242,1890,1890,05/02/2025,False
Liberty Summit,"Columbus, OH",ENCOREVIDEO201,2x2,1242,1890,1890,05/03/2025,False
Liberty Summit,"Columbus, OH",ENCOREVIDEO201,2x2,1242,1890,1890,05/04/2025,False
Liberty Summit,"Columbus, OH",ENCOREVIDEO201,2x2,1242,1890,1890,05/05/2025,False
Liberty Summit,"Columbus, OH",ENCOREVIDEO201,2x2,1242,1890,1890,05/06/2025,False
Liberty Summit,"Columbus, OH",ENCOREVIDEO201,2x2,1242,1890,1890,05/07/2025,False
Liberty Summit,"Columbus, OH",ENCOREVIDEO201,2x2,1242,1890,1890,05/08/2025,False
Liberty Summit,"Columbus, OH",ENCOREVIDEO201,2x2,1242,1890,1890,05/09/2025,False
Liberty Summit,"Columbus, OH",ENCOREVIDEO201,2x2,1242,1890,1890,05/10/2025,False
Liberty Summit,"Columbus, OH",ENCOREVIDEO201,2x2,1242,1890,1890,05/11/2025,False
Liberty Summit,"Columbus, OH",ENCOREVIDEO201,2x2,1242,1890,1890,05/12/2025,False
Liberty Summit,"Columbus, OH",ENCOREVIDEO201,2x2,1242,1890,1890,05/13/2025,False
Liberty Summit,"Columbus, OH",ENCOREVIDEO201,2x2,1242,1890,1890,05/14/2025,False
Liberty Summit,"Columbus, OH",ENCOREVIDEO201,2x2,1242,1890,1890,05/15/2025,False
Liberty Summit,"Columbus, OH",ENCOREVIDEO201,2x2,1242,1890,1890,05/16/2025,False
Liberty Summit,"Columbus, OH",ENCOREVIDEO201,2x2,1242,1890,1890,05/17/2025,False
Liberty Summit,"Columbus, OH",ENCOREVIDEO201,2x2,1242,1890,1890,05/18/2025,False
Liberty Summit,"Columbus, OH",ENCOREVIDEO201,2x2,1242,1890,1890,05/19/2025,False
Liberty Summit,"Columbus, OH",ENCOREVIDEO201,2x2,1242,1890,1890,05/20/2025,False
Liberty Summit,"Columbus, OH",ENCOREVIDEO201,2x2,1242,1890,1890,05/21/2025,False
Liberty Summit,"Columbus, OH",ENCOREVIDEO201,2x2,1242,1890,1890,05/22/2025,False
Liberty Summit,"Columbus, OH",ENCOREVIDEO201,2x2,1242,1890,1890,05/23/2025,False
Liberty Summit,"Columbus, OH",ENCOREVIDEO201,2x2,1242,1890,1890,05/24/2025,False
Liberty Summit,"Columbus, OH",ENCOREVIDEO201,2x2,1242,1890,1890,05/25/2025,False
Liberty Summit,"Columbus, OH",ENCOREVIDEO201,2x2,1242,1890,1890,05/26/2025,False
Liberty Summit,"Columbus, OH",ENCOREVIDEO201,2x2,1242,1890,1890,05/27/2025,False
Liberty Summit,"Columbus, OH",ENCOREVIDEO201,2x2,1242,1890,1890,05/28/2025,False
Liberty Summit,"Columbus, OH",ENCOREVIDEO201,2x2,1242,1890,1890,05/29/2025,False
Liberty Summit,"Columbus, OH",ENCOREVIDEO201,2x2,1242,1890,1890,05/30/2025,False
Liberty Summit,"Columbus, OH",ENCOREVIDEO201,2x2,1242,1890,1890,05/31/2025,False
Liberty Summit,"Columbus, OH",ENCOREVIDEO201,2x2,1242,1890,1890,06/01/2025,False
Liberty Summit,"Columbus, OH",ENCOREVIDEO201,2x2,1242,1890,1890,06/02/2025,False
Liberty Summit,"Columbus, OH",ENCOREVIDEO201,2x2,1242,1890,1890,06/03/2025,False
Liberty Summit,"Columbus, OH",ENCOREVIDEO201,2x2,1242,1890,1890,06/04/2025,False
Liberty Summit,"Columbus, OH",ENCOREVIDEO201,2x2,1242,1890,1890,06/05/2025,False
Liberty Summit,"Columbus, OH",ENCOREVIDEO201,2x2,1242,1890,1890,06/06/2025,False
Liberty Summit,"Columbus, OH",ENCOREVIDEO201,2x2,1242,1890,1890,06/07/2025,False
Liberty Summit,"Columbus, OH",ENCOREVIDEO201,2x2,1242,1890,1890,06/08/2025,False
Liberty Summit,"Columbus, OH",ENCOREVIDEO201,2x2,1242,1890,1890,06/09/2025,False
Liberty Summit,"Columbus, OH",ENCOREVIDEO201,2x2,1242,1890,1890,06/10/2025,False
Liberty Summit,"Columbus, OH",ENCOREVIDEO201,2x2,1242,1890,1890,06/11/2025,False
Liberty Summit,"Columbus, OH",ENCOREVIDEO201,2x2,1242,1890,1890,06/12/2025,False
Liberty Summit,"Columbus, OH",ENCOREVIDEO201,2x2,1242,1890,1890,06/13/2025,False
Liberty Summit,"Columbus, OH",ENCOREVIDEO201,2x2,1242,1890,1890,06/14/2025,False
Liberty Summit,"Columbus, OH",ENCOREVIDEO201,2x2,1242,1890,1890,06/15/2025,False
Liberty Summit,"Columbus, OH",ENCOREVIDEO201,2x2,1242,1890,1890,06/16/2025,False
Liberty Summit,"Columbus, OH",ENCOREVIDEO201,2x2,1242,1890,1890,06/17/2025,False
Liberty Summit,"Columbus, OH",ENCOREVIDEO201,2x2,1242,1890,1890,06/18/2025,False
Liberty Summit,"Columbus, OH",ENCOREVIDEO201,2x2,1242,1890,1890,06/19/2025,False
Liberty Summit,"Columbus, OH",ENCOREVIDEO201,2x2,1242,1890,1890,06/20/2025,False
Liberty Summit,"Columbus, OH",ENCOREVIDEO201,2x2,1242,1890,1890,06/21/2025,False
Liberty Summit,"Columbus, OH",ENCOREVIDEO201,2x2,1242,1890,1890,06/22/2025,False
Liberty Summit,"Columbus, OH",ENCOREVIDEO201,2x2,1242,1890,1890,06/23/2025,False
Liberty Summit,"Columbus, OH",ENCOREVIDEO201,2x2,1242,1890,1890,06/24/2025,False
Liberty Summit,"Columbus, OH",ENCOREVIDEO201,2x2,1242,1890,1890,06/25/2025,False
Liberty Summit,"Columbus, OH",ENCOREVIDEO201,2x2,1242,1890,1890,06/26/2025,False
Liberty Summit,"Columbus, OH",ENCOREVIDEO201,2x2,1242,1890,1890,06/27/2025,False
Liberty Summit,"Columbus, OH",ENCOREVIDEO201,2x2,1242,1890,1890,06/28/2025,False
Liberty Summit,"Columbus, OH",ENCOREVIDEO201,2x2,1242,1890,1890,06/29/2025,False
Liberty Summit,"Columbus, OH",ENCOREVIDEO201,2x2,1242,1890,1890,06/30/2025,False
Liberty Summit,"Columbus, OH",ENCOREVIDEO201,2x2,1242,1890,1890,07/01/2025,False
Liberty Summit,"Columbus, OH",ENCOREVIDEO201,2x2,1242,1890,1890,07/02/2025,False
Liberty Summit,"Columbus, OH",ENCOREVIDEO201,2x2,1242,1890,1890,07/03/2025,False
Liberty Summit,"Columbus, OH",ENCOREVIDEO201,2x2,1242,1890,1890,07/04/2025,False
Liberty Summit,"Columbus, OH",ENCOREVIDEO201,2x2,1242,1890,1890,07/05/2025,False
Liberty Summit,"Columbus, OH",ENCOREVIDEO201,2x2,1242,1890,1890,07/06/2025,False
Liberty Summit,"Columbus, OH",ENCOREVIDEO201,2x2,1242,1890,1890,07/07/2025,False
Liberty Summit,"Columbus, OH",ENCOREVIDEO201,2x2,1242,1890,1890,07/08/2025,False
Liberty Summit,"Columbus, OH",ENCOREVIDEO201,2x2,1242,1890,1890,07/09/2025,False
Liberty Summit,"Columbus, OH",ENCOREVIDEO201,2x2,1242,1890,1890,07/10/2025,False
Liberty Summit,"Columbus, OH",ENCOREVIDEO201,2x2,1242,1890,1890,07/11/2025,False
Liberty Summit,"Columbus, OH",ENCOREVIDEO201,2x2,1242,1890,1890,07/12/2025,False
Liberty Summit,"Columbus, OH",ENCOREVIDEO201,2x2,1242,1890,1890,07/13/2025,False
Liberty Summit,"Columbus, OH",ENCOREVIDEO201,2x2,1242,1890,1890,07/14/2025,False
Liberty Summit,"Columbus, OH",ENCOREVIDEO201,2x2,1242,1890,1890,07/15/2025,False
Liberty Summit,"Columbus, OH",ENCOREVIDEO201,2x2,1242,1890,1890,07/16/2025,False
Liberty Summit,"Columbus, OH",ENCOREVIDEO201,2x2,1242,1890,1890,07/17/2025,False
Liberty Summit,"Columbus, OH",ENCOREVIDEO201,2x2,1242,1890,1890,07/18/2025,False
Liberty Summit,"Columbus, OH",ENCOREVIDEO201,2x2,1242,1890,1890,07/19/2025,False
Liberty Summit,"Columbus, OH",ENCOREVIDEO201,2x2,1242,1890,1890,07/20/2025,False
Liberty Summit,"Columbus, OH",ENCOREVIDEO201,2x2,1242,1890,1890,07/21/2025,False
Liberty Summit,"Columbus, OH",ENCOREVIDEO201,2x2,1242,1890,1890,07/22/2025,False
Liberty Summit,"Columbus, OH",ENCOREVIDEO201,2x2,1242,1890,1890,07/23/2025,False
Liberty Summit,"Columbus, OH",ENCOREVIDEO201,2x2,1242,1890,1890,07/24/2025,False
Liberty Summit,"Columbus, OH",ENCOREVIDEO201,2x2,1242,1890,1890,07/25/2025,False
Liberty Summit,"Columbus, OH",ENCOREVIDEO201,2x2,1242,1890,1890,07/26/2025,False
Liberty Summit,"Columbus, OH",ENCOREVIDEO201,2x2,1242,1890,1890,07/27/2025,False
Liberty Summit,"Columbus, OH",ENCOREVIDEO201,2x2,1242,1890,1890,07/28/2025,True
Liberty Summit,"Columbus, OH",LEGENDVIDEO101,2x2,1120,1700,1700,03/29/2025,False
Liberty Summit,"Columbus, OH",LEGENDVIDEO101,2x2,1120,1700,1700,03/30/2025,False
Liberty Summit,"Columbus, OH",LEGENDVIDEO101,2x2,1120,1700,1700,03/31/2025,False
Liberty Summit,"Columbus, OH",LEGENDVIDEO101,2x2,1120,1700,1700,04/01/2025,False
Liberty Summit,"Columbus, OH",LEGENDVIDEO101,2x2,1120,1700,1700,04/02/2025,False
Liberty Summit,"Columbus, OH",LEGENDVIDEO101,2x2,1120,1700,1700,04/03/2025,False
Liberty Summit,"Columbus, OH",LEGENDVIDEO101,2x2,1120,1700,1700,04/04/2025,False
Liberty Summit,"Columbus, OH",LEGENDVIDEO101,2x2,1120,1700,1700,04/05/2025,False
Liberty Summit,"Columbus, OH",LEGENDVIDEO101,2x2,1120,1700,1700,04/06/2025,False
Liberty Summit,"Columbus, OH",LEGENDVIDEO101,2x2,1120,1700,1700,04/07/2025,False
Liberty Summit,"Columbus, OH",LEGENDVIDEO101,2x2,1120,1700,1700,04/08/2025,False
Liberty Summit,"Columbus, OH",LEGENDVIDEO101,2x2,1120,1700,1700,04/09/2025,False
Liberty Summit,"Columbus, OH",LEGENDVIDEO101,2x2,1120,1700,1700,04/10/2025,False
Liberty Summit,"Columbus, OH",LEGENDVIDEO101,2x2,1120,1700,1700,04/11/2025,False
Liberty Summit,"Columbus, OH",LEGENDVIDEO101,2x2,1120,1700,1700,04/12/2025,False
Liberty Summit,"Columbus, OH",LEGENDVIDEO101,2x2,1120,1700,1700,04/13/2025,False
Liberty Summit,"Columbus, OH",LEGENDVIDEO101,2x2,1120,1700,1700,04/14/2025,False
Liberty Summit,"Columbus, OH",LEGENDVIDEO101,2x2,1120,1700,1700,04/15/2025,False
Liberty Summit,"Columbus, OH",LEGENDVIDEO101,2x2,1120,1700,1700,04/16/2025,False
Liberty Summit,"Columbus, OH",LEGENDVIDEO101,2x2,1120,1700,1700,04/17/2025,False
Liberty Summit,"Columbus, OH",LEGENDVIDEO101,2x2,1120,1700,1700,04/18/2025,False
Liberty Summit,"Columbus, OH",LEGENDVIDEO101,2x2,1120,1700,1700,04/19/2025,False
Liberty Summit,"Columbus, OH",LEGENDVIDEO101,2x2,1120,1700,1700,04/20/2025,False
Liberty Summit,"Columbus, OH",LEGENDVIDEO101,2x2,1120,1700,1700,04/21/2025,False
Liberty Summit,"Columbus, OH",LEGENDVIDEO101,2x2,1120,1700,1700,04/22/2025,False
Liberty Summit,"Columbus, OH",LEGENDVIDEO101,2x2,1120,1700,1700,04/23/2025,False
Liberty Summit,"Columbus, OH",LEGENDVIDEO101,2x2,1120,1700,1700,04/24/2025,False
Liberty Summit,"Columbus, OH",LEGENDVIDEO101,2x2,1120,1700,1700,04/25/2025,False
Liberty Summit,"Columbus, OH",LEGENDVIDEO101,2x2,1120,1700,1700,04/26/2025,False
Liberty Summit,"Columbus, OH",LEGENDVIDEO101,2x2,1120,1700,1700,04/27/2025,False
Liberty Summit,"Columbus, OH",LEGENDVIDEO101,2x2,1120,1700,1700,04/28/2025,False
Liberty Summit,"Columbus, OH",LEGENDVIDEO101,2x2,1120,1700,1700,04/29/2025,False
Liberty Summit,"Columbus, OH",LEGENDVIDEO101,2x2,1120,1700,1700,04/30/2025,False
Liberty Summit,"Columbus, OH",LEGENDVIDEO101,2x2,1120,1700,1700,05/01/2025,False
Liberty Summit,"Columbus, OH",LEGENDVIDEO101,2x2,1120,1700,1700,05/02/2025,False
Liberty Summit,"Columbus, OH",LEGENDVIDEO101,2x2,1120,1700,1700,05/03/2025,False
Liberty Summit,"Columbus, OH",LEGENDVIDEO101,2x2,1120,1700,1700,05/04/2025,False
Liberty Summit,"Columbus, OH",LEGENDVIDEO101,2x2,1120,1700,1700,05/05/2025,False
Liberty Summit,"Columbus, OH",LEGENDVIDEO101,2x2,1120,1700,1700,05/06/2025,False
Liberty Summit,"Columbus, OH",LEGENDVIDEO101,2x2,1120,1700,1700,05/07/2025,False
Liberty Summit,"Columbus, OH",LEGENDVIDEO101,2x2,1120,1700,1700,05/08/2025,False
Liberty Summit,"Columbus, OH",LEGENDVIDEO101,2x2,1120,1700,1700,05/09/2025,False
Liberty Summit,"Columbus, OH",LEGENDVIDEO101,2x2,1120,1700,1700,05/10/2025,False
Liberty Summit,"Columbus, OH",LEGENDVIDEO101,2x2,1120,1700,1700,05/11/2025,False
Liberty Summit,"Columbus, OH",LEGENDVIDEO101,2x2,1120,1700,1700,05/12/2025,False
Liberty Summit,"Columbus, OH",LEGENDVIDEO101,2x2,1120,1700,1700,05/13/2025,False
Liberty Summit,"Columbus, OH",LEGENDVIDEO101,2x2,1120,1700,1700,05/14/2025,False
Liberty Summit,"Columbus, OH",LEGENDVIDEO101,2x2,1120,1700,1700,05/15/2025,False
Liberty Summit,"Columbus, OH",LEGENDVIDEO101,2x2,1120,1700,1700,05/16/2025,False
Liberty Summit,"Columbus, OH",LEGENDVIDEO101,2x2,1120,1700,1700,05/17/2025,False
Liberty Summit,"Columbus, OH",LEGENDVIDEO101,2x2,1120,1700,1700,05/18/2025,False
Liberty Summit,"Columbus, OH",LEGENDVIDEO101,2x2,1120,1700,1700,05/19/2025,False
Liberty Summit,"Columbus, OH",LEGENDVIDEO101,2x2,1120,1700,1700,05/20/2025,False
Liberty Summit,"Columbus, OH",LEGENDVIDEO101,2x2,1120,1700,1700,05/21/2025,False
Liberty Summit,"Columbus, OH",LEGENDVIDEO101,2x2,1120,1700,1700,05/22/2025,False
Liberty Summit,"Columbus, OH",LEGENDVIDEO101,2x2,1120,1700,1700,05/23/2025,False
Liberty Summit,"Columbus, OH",LEGENDVIDEO101,2x2,1120,1700,1700,05/24/2025,False
Liberty Summit,"Columbus, OH",LEGENDVIDEO101,2x2,1120,1700,1700,05/25/2025,False
Liberty Summit,"Columbus, OH",LEGENDVIDEO101,2x2,1120,1700,1700,05/26/2025,False
Liberty Summit,"Columbus, OH",LEGENDVIDEO101,2x2,1120,1700,1700,05/27/2025,False
Liberty Summit,"Columbus, OH",LEGENDVIDEO101,2x2,1120,1700,1700,05/28/2025,False
Liberty Summit,"Columbus, OH",LEGENDVIDEO101,2x2,1120,1700,1700,05/29/2025,False
Liberty Summit,"Columbus, OH",LEGENDVIDEO101,2x2,1120,1700,1700,05/30/2025,False
Liberty Summit,"Columbus, OH",LEGENDVIDEO101,2x2,1120,1700,1700,05/31/2025,False
Liberty Summit,"Columbus, OH",LEGENDVIDEO101,2x2,1120,1700,1700,06/01/2025,False
Liberty Summit,"Columbus, OH",LEGENDVIDEO101,2x2,1120,1700,1700,06/02/2025,False
Liberty Summit,"Columbus, OH",LEGENDVIDEO101,2x2,1120,1700,1700,06/03/2025,False
Liberty Summit,"Columbus, OH",LEGENDVIDEO101,2x2,1120,1700,1700,06/04/2025,False
Liberty Summit,"Columbus, OH",LEGENDVIDEO101,2x2,1120,1700,1700,06/05/2025,False
Liberty Summit,"Columbus, OH",LEGENDVIDEO101,2x2,1120,1700,1700,06/06/2025,False
Liberty Summit,"Columbus, OH",LEGENDVIDEO101,2x2,1120,1700,1700,06/07/2025,False
Liberty Summit,"Columbus, OH",LEGENDVIDEO101,2x2,1120,1700,1700,06/08/2025,False
Liberty Summit,"Columbus, OH",LEGENDVIDEO101,2x2,1120,1700,1700,06/09/2025,False
Liberty Summit,"Columbus, OH",LEGENDVIDEO101,2x2,1120,1700,1700,06/10/2025,False
Liberty Summit,"Columbus, OH",LEGENDVIDEO101,2x2,1120,1700,1700,06/11/2025,False
Liberty Summit,"Columbus, OH",LEGENDVIDEO101,2x2,1120,1700,1700,06/12/2025,False
Liberty Summit,"Columbus, OH",LEGENDVIDEO101,2x2,1120,1700,1700,06/13/2025,False
Liberty Summit,"Columbus, OH",LEGENDVIDEO101,2x2,1120,1700,1700,06/14/2025,False
Liberty Summit,"Columbus, OH",LEGENDVIDEO101,2x2,1120,1700,1700,06/15/2025,False
Liberty Summit,"Columbus, OH",LEGENDVIDEO101,2x2,1120,1700,1700,06/16/2025,False
Liberty Summit,"Columbus, OH",LEGENDVIDEO101,2x2,1120,1700,1700,06/17/2025,False
Liberty Summit,"Columbus, OH",LEGENDVIDEO101,2x2,1120,1700,1700,06/18/2025,False
Liberty Summit,"Columbus, OH",LEGENDVIDEO101,2x2,1120,1700,1700,06/19/2025,False
Liberty Summit,"Columbus, OH",LEGENDVIDEO101,2x2,1120,1700,1700,06/20/2025,False
Liberty Summit,"Columbus, OH",LEGENDVIDEO101,2x2,1120,1700,1700,06/21/2025,False
Liberty Summit,"Columbus, OH",LEGENDVIDEO101,2x2,1120,1700,1700,06/22/2025,False
Liberty Summit,"Columbus, OH",LEGENDVIDEO101,2x2,1120,1700,1700,06/23/2025,False
Liberty Summit,"Columbus, OH",LEGENDVIDEO101,2x2,1120,1700,1700,06/24/2025,False
Liberty Summit,"Columbus, OH",LEGENDVIDEO101,2x2,1120,1700,1700,06/25/2025,False
Liberty Summit,"Columbus, OH",LEGENDVIDEO101,2x2,1120,1700,1700,06/26/2025,False
Liberty Summit,"Columbus, OH",LEGENDVIDEO101,2x2,1120,1700,1700,06/27/2025,False
Liberty Summit,"Columbus, OH",LEGENDVIDEO101,2x2,1120,1700,1700,06/28/2025,False
Liberty Summit,"Columbus, OH",LEGENDVIDEO101,2x2,1120,1700,1700,06/29/2025,False
Liberty Summit,"Columbus, OH",LEGENDVIDEO101,2x2,1120,1700,1700,06/30/2025,False
Liberty Summit,"Columbus, OH",LEGENDVIDEO101,2x2,1120,1700,1700,07/01/2025,False
Liberty Summit,"Columbus, OH",LEGENDVIDEO101,2x2,1120,1700,1700,07/02/2025,False
Liberty Summit,"Columbus, OH",LEGENDVIDEO101,2x2,1120,1700,1700,07/03/2025,False
Liberty Summit,"Columbus, OH",LEGENDVIDEO101,2x2,1120,1700,1700,07/04/2025,False
Liberty Summit,"Columbus, OH",LEGENDVIDEO101,2x2,1120,1700,1700,07/05/2025,False
Liberty Summit,"Columbus, OH",LEGENDVIDEO101,2x2,1120,1700,1700,07/06/2025,False
Liberty Summit,"Columbus, OH",LEGENDVIDEO101,2x2,1120,1700,1700,07/07/2025,False
Liberty Summit,"Columbus, OH",LEGENDVIDEO101,2x2,1120,1700,1700,07/08/2025,False
Liberty Summit,"Columbus, OH",LEGENDVIDEO101,2x2,1120,1700,1700,07/09/2025,False
Liberty Summit,"Columbus, OH",LEGENDVIDEO101,2x2,1120,1700,1700,07/10/2025,False
Liberty Summit,"Columbus, OH",LEGENDVIDEO101,2x2,1120,1700,1700,07/11/2025,False
Liberty Summit,"Columbus, OH",LEGENDVIDEO101,2x2,1120,1700,1700,07/12/2025,False
Liberty Summit,"Columbus, OH",LEGENDVIDEO101,2x2,1120,1700,1700,07/13/2025,False
Liberty Summit,"Columbus, OH",LEGENDVIDEO101,2x2,1120,1700,1700,07/14/2025,False
Liberty Summit,"Columbus, OH",LEGENDVIDEO101,2x2,1120,1700,1700,07/15/2025,False
Liberty Summit,"Columbus, OH",LEGENDVIDEO101,2x2,1120,1700,1700,07/16/2025,False
Liberty Summit,"Columbus, OH",LEGENDVIDEO101,2x2,1120,1700,1700,07/17/2025,False
Liberty Summit,"Columbus, OH",LEGENDVIDEO101,2x2,1120,1700,1700,07/18/2025,False
Liberty Summit,"Columbus, OH",LEGENDVIDEO101,2x2,1120,1700,1700,07/19/2025,False
Liberty Summit,"Columbus, OH",LEGENDVIDEO101,2x2,1120,1700,1700,07/20/2025,False
Liberty Summit,"Columbus, OH",LEGENDVIDEO101,2x2,1120,1700,1700,07/21/2025,False
Liberty Summit,"Columbus, OH",LEGENDVIDEO101,2x2,1120,1700,1700,07/22/2025,False
Liberty Summit,"Columbus, OH",LEGENDVIDEO101,2x2,1120,1700,1700,07/23/2025,False
Liberty Summit,"Columbus, OH",LEGENDVIDEO101,2x2,1120,1700,1700,07/24/2025,False
Liberty Summit,"Columbus, OH",LEGENDVIDEO101,2x2,1120,1700,1700,07/25/2025,False
Liberty Summit,"Columbus, OH",LEGENDVIDEO101,2x2,1120,1700,1700,07/26/2025,False
Liberty Summit,"Columbus, OH",LEGENDVIDEO101,2x2,1120,1700,1700,07/27/2025,False
Liberty Summit,"Columbus, OH",LEGENDVIDEO101,2x2,1120,1700,1700,07/28/2025,True
Liberty Summit,"Columbus, OH",LEGENDVIDEO201,2x2,1120,1670,1670,03/29/2025,False
Liberty Summit,"Columbus, OH",LEGENDVIDEO201,2x2,1120,1670,1670,03/30/2025,False
Liberty Summit,"Columbus, OH",LEGENDVIDEO201,2x2,1120,1670,1670,03/31/2025,False
Liberty Summit,"Columbus, OH",LEGENDVIDEO201,2x2,1120,1670,1670,04/01/2025,False
Liberty Summit,"Columbus, OH",LEGENDVIDEO201,2x2,1120,1670,1670,04/02/2025,False
Liberty Summit,"Columbus, OH",LEGENDVIDEO201,2x2,1120,1670,1670,04/03/2025,False
Liberty Summit,"Columbus, OH",LEGENDVIDEO201,2x2,1120,1670,1670,04/04/2025,False
Liberty Summit,"Columbus, OH",LEGENDVIDEO201,2x2,1120,1670,1670,04/05/2025,False
Liberty Summit,"Columbus, OH",LEGENDVIDEO201,2x2,1120,1670,1670,04/06/2025,False
Liberty Summit,"Columbus, OH",LEGENDVIDEO201,2x2,1120,1670,1670,04/07/2025,False
Liberty Summit,"Columbus, OH",LEGENDVIDEO201,2x2,1120,1670,1670,04/08/2025,False
Liberty Summit,"Columbus, OH",LEGENDVIDEO201,2x2,1120,1670,1670,04/09/2025,False
Liberty Summit,"Columbus, OH",LEGENDVIDEO201,2x2,1120,1670,1670,04/10/2025,False
Liberty Summit,"Columbus, OH",LEGENDVIDEO201,2x2,1120,1670,1670,04/11/2025,False
Liberty Summit,"Columbus, OH",LEGENDVIDEO201,2x2,1120,1670,1670,04/12/2025,False
Liberty Summit,"Columbus, OH",LEGENDVIDEO201,2x2,1120,1670,1670,04/13/2025,False
Liberty Summit,"Columbus, OH",LEGENDVIDEO201,2x2,1120,1670,1670,04/14/2025,False
Liberty Summit,"Columbus, OH",LEGENDVIDEO201,2x2,1120,1670,1670,04/15/2025,False
Liberty Summit,"Columbus, OH",LEGENDVIDEO201,2x2,1120,1670,1670,04/16/2025,False
Liberty Summit,"Columbus, OH",LEGENDVIDEO201,2x2,1120,1670,1670,04/17/2025,False
Liberty Summit,"Columbus, OH",LEGENDVIDEO201,2x2,1120,1670,1670,04/18/2025,False
Liberty Summit,"Columbus, OH",LEGENDVIDEO201,2x2,1120,1670,1670,04/19/2025,False
Liberty Summit,"Columbus, OH",LEGENDVIDEO201,2x2,1120,1670,1670,04/20/2025,False
Liberty Summit,"Columbus, OH",LEGENDVIDEO201,2x2,1120,1670,1670,04/21/2025,False
Liberty Summit,"Columbus, OH",LEGENDVIDEO201,2x2,1120,1670,1670,04/22/2025,False
Liberty Summit,"Columbus, OH",LEGENDVIDEO201,2x2,1120,1670,1670,04/23/2025,False
Liberty Summit,"Columbus, OH",LEGENDVIDEO201,2x2,1120,1670,1670,04/24/2025,False
Liberty Summit,"Columbus, OH",LEGENDVIDEO201,2x2,1120,1670,1670,04/25/2025,False
Liberty Summit,"Columbus, OH",LEGENDVIDEO201,2x2,1120,1670,1670,04/26/2025,False
Liberty Summit,"Columbus, OH",LEGENDVIDEO201,2x2,1120,1670,1670,04/27/2025,False
Liberty Summit,"Columbus, OH",LEGENDVIDEO201,2x2,1120,1670,1670,04/28/2025,False
Liberty Summit,"Columbus, OH",LEGENDVIDEO201,2x2,1120,1670,1670,04/29/2025,False
Liberty Summit,"Columbus, OH",LEGENDVIDEO201,2x2,1120,1670,1670,04/30/2025,False
Liberty Summit,"Columbus, OH",LEGENDVIDEO201,2x2,1120,1670,1670,05/01/2025,False
Liberty Summit,"Columbus, OH",LEGENDVIDEO201,2x2,1120,1670,1670,05/02/2025,False
Liberty Summit,"Columbus, OH",LEGENDVIDEO201,2x2,1120,1670,1670,05/03/2025,False
Liberty Summit,"Columbus, OH",LEGENDVIDEO201,2x2,1120,1670,1670,05/04/2025,False
Liberty Summit,"Columbus, OH",LEGENDVIDEO201,2x2,1120,1670,1670,05/05/2025,False
Liberty Summit,"Columbus, OH",LEGENDVIDEO201,2x2,1120,1670,1670,05/06/2025,False
Liberty Summit,"Columbus, OH",LEGENDVIDEO201,2x2,1120,1670,1670,05/07/2025,False
Liberty Summit,"Columbus, OH",LEGENDVIDEO201,2x2,1120,1670,1670,05/08/2025,False
Liberty Summit,"Columbus, OH",LEGENDVIDEO201,2x2,1120,1670,1670,05/09/2025,False
Liberty Summit,"Columbus, OH",LEGENDVIDEO201,2x2,1120,1670,1670,05/10/2025,False
Liberty Summit,"Columbus, OH",LEGENDVIDEO201,2x2,1120,1670,1670,05/11/2025,False
Liberty Summit,"Columbus, OH",LEGENDVIDEO201,2x2,1120,1670,1670,05/12/2025,False
Liberty Summit,"Columbus, OH",LEGENDVIDEO201,2x2,1120,1670,1670,05/13/2025,False
Liberty Summit,"Columbus, OH",LEGENDVIDEO201,2x2,1120,1670,1670,05/14/2025,False
Liberty Summit,"Columbus, OH",LEGENDVIDEO201,2x2,1120,1670,1670,05/15/2025,False
Liberty Summit,"Columbus, OH",LEGENDVIDEO201,2x2,1120,1670,1670,05/16/2025,False
Liberty Summit,"Columbus, OH",LEGENDVIDEO201,2x2,1120,1670,1670,05/17/2025,False
Liberty Summit,"Columbus, OH",LEGENDVIDEO201,2x2,1120,1670,1670,05/18/2025,False
Liberty Summit,"Columbus, OH",LEGENDVIDEO201,2x2,1120,1670,1670,05/19/2025,False
Liberty Summit,"Columbus, OH",LEGENDVIDEO201,2x2,1120,1670,1670,05/20/2025,False
Liberty Summit,"Columbus, OH",LEGENDVIDEO201,2x2,1120,1670,1670,05/21/2025,False
Liberty Summit,"Columbus, OH",LEGENDVIDEO201,2x2,1120,1670,1670,05/22/2025,False
Liberty Summit,"Columbus, OH",LEGENDVIDEO201,2x2,1120,1670,1670,05/23/2025,False
Liberty Summit,"Columbus, OH",LEGENDVIDEO201,2x2,1120,1670,1670,05/24/2025,False
Liberty Summit,"Columbus, OH",LEGENDVIDEO201,2x2,1120,1670,1670,05/25/2025,False
Liberty Summit,"Columbus, OH",LEGENDVIDEO201,2x2,1120,1670,1670,05/26/2025,False
Liberty Summit,"Columbus, OH",LEGENDVIDEO201,2x2,1120,1670,1670,05/27/2025,False
Liberty Summit,"Columbus, OH",LEGENDVIDEO201,2x2,1120,1670,1670,05/28/2025,False
Liberty Summit,"Columbus, OH",LEGENDVIDEO201,2x2,1120,1670,1670,05/29/2025,False
Liberty Summit,"Columbus, OH",LEGENDVIDEO201,2x2,1120,1670,1670,05/30/2025,False
Liberty Summit,"Columbus, OH",LEGENDVIDEO201,2x2,1120,1670,1670,05/31/2025,False
Liberty Summit,"Columbus, OH",LEGENDVIDEO201,2x2,1120,1670,1670,06/01/2025,False
Liberty Summit,"Columbus, OH",LEGENDVIDEO201,2x2,1120,1670,1670,06/02/2025,False
Liberty Summit,"Columbus, OH",LEGENDVIDEO201,2x2,1120,1670,1670,06/03/2025,False
Liberty Summit,"Columbus, OH",LEGENDVIDEO201,2x2,1120,1670,1670,06/04/2025,False
Liberty Summit,"Columbus, OH",LEGENDVIDEO201,2x2,1120,1670,1670,06/05/2025,False
Liberty Summit,"Columbus, OH",LEGENDVIDEO201,2x2,1120,1670,1670,06/06/2025,False
Liberty Summit,"Columbus, OH",LEGENDVIDEO201,2x2,1120,1670,1670,06/07/2025,False
Liberty Summit,"Columbus, OH",LEGENDVIDEO201,2x2,1120,1670,1670,06/08/2025,False
Liberty Summit,"Columbus, OH",LEGENDVIDEO201,2x2,1120,1670,1670,06/09/2025,False
Liberty Summit,"Columbus, OH",LEGENDVIDEO201,2x2,1120,1670,1670,06/10/2025,False
Liberty Summit,"Columbus, OH",LEGENDVIDEO201,2x2,1120,1670,1670,06/11/2025,False
Liberty Summit,"Columbus, OH",LEGENDVIDEO201,2x2,1120,1670,1670,06/12/2025,False
Liberty Summit,"Columbus, OH",LEGENDVIDEO201,2x2,1120,1670,1670,06/13/2025,False
Liberty Summit,"Columbus, OH",LEGENDVIDEO201,2x2,1120,1670,1670,06/14/2025,False
Liberty Summit,"Columbus, OH",LEGENDVIDEO201,2x2,1120,1670,1670,06/15/2025,False
Liberty Summit,"Columbus, OH",LEGENDVIDEO201,2x2,1120,1670,1670,06/16/2025,False
Liberty Summit,"Columbus, OH",LEGENDVIDEO201,2x2,1120,1670,1670,06/17/2025,False
Liberty Summit,"Columbus, OH",LEGENDVIDEO201,2x2,1120,1670,1670,06/18/2025,False
Liberty Summit,"Columbus, OH",LEGENDVIDEO201,2x2,1120,1670,1670,06/19/2025,False
Liberty Summit,"Columbus, OH",LEGENDVIDEO201,2x2,1120,1670,1670,06/20/2025,False
Liberty Summit,"Columbus, OH",LEGENDVIDEO201,2x2,1120,1670,1670,06/21/2025,False
Liberty Summit,"Columbus, OH",LEGENDVIDEO201,2x2,1120,1670,1670,06/22/2025,False
Liberty Summit,"Columbus, OH",LEGENDVIDEO201,2x2,1120,1670,1670,06/23/2025,False
Liberty Summit,"Columbus, OH",LEGENDVIDEO201,2x2,1120,1670,1670,06/24/2025,False
Liberty Summit,"Columbus, OH",LEGENDVIDEO201,2x2,1120,1670,1670,06/25/2025,False
Liberty Summit,"Columbus, OH",LEGENDVIDEO201,2x2,1120,1670,1670,06/26/2025,False
Liberty Summit,"Columbus, OH",LEGENDVIDEO201,2x2,1120,1670,1670,06/27/2025,False
Liberty Summit,"Columbus, OH",LEGENDVIDEO201,2x2,1120,1670,1670,06/28/2025,False
Liberty Summit,"Columbus, OH",LEGENDVIDEO201,2x2,1120,1670,1670,06/29/2025,False
Liberty Summit,"Columbus, OH",LEGENDVIDEO201,2x2,1120,1670,1670,06/30/2025,False
Liberty Summit,"Columbus, OH",LEGENDVIDEO201,2x2,1120,1670,1670,07/01/2025,False
Liberty Summit,"Columbus, OH",LEGENDVIDEO201,2x2,1120,1670,1670,07/02/2025,False
Liberty Summit,"Columbus, OH",LEGENDVIDEO201,2x2,1120,1670,1670,07/03/2025,False
Liberty Summit,"Columbus, OH",LEGENDVIDEO201,2x2,1120,1670,1670,07/04/2025,False
Liberty Summit,"Columbus, OH",LEGENDVIDEO201,2x2,1120,1670,1670,07/05/2025,False
Liberty Summit,"Columbus, OH",LEGENDVIDEO201,2x2,1120,1670,1670,07/06/2025,False
Liberty Summit,"Columbus, OH",LEGENDVIDEO201,2x2,1120,1670,1670,07/07/2025,False
Liberty Summit,"Columbus, OH",LEGENDVIDEO201,2x2,1120,1670,1670,07/08/2025,False
Liberty Summit,"Columbus, OH",LEGENDVIDEO201,2x2,1120,1670,1670,07/09/2025,False
Liberty Summit,"Columbus, OH",LEGENDVIDEO201,2x2,1120,1670,1670,07/10/2025,False
Liberty Summit,"Columbus, OH",LEGENDVIDEO201,2x2,1120,1670,1670,07/11/2025,False
Liberty Summit,"Columbus, OH",LEGENDVIDEO201,2x2,1120,1670,1670,07/12/2025,False
Liberty Summit,"Columbus, OH",LEGENDVIDEO201,2x2,1120,1670,1670,07/13/2025,False
Liberty Summit,"Columbus, OH",LEGENDVIDEO201,2x2,1120,1670,1670,07/14/2025,False
Liberty Summit,"Columbus, OH",LEGENDVIDEO201,2x2,1120,1670,1670,07/15/2025,False
Liberty Summit,"Columbus, OH",LEGENDVIDEO201,2x2,1120,1670,1670,07/16/2025,False
Liberty Summit,"Columbus, OH",LEGENDVIDEO201,2x2,1120,1670,1670,07/17/2025,False
Liberty Summit,"Columbus, OH",LEGENDVIDEO201,2x2,1120,1670,1670,07/18/2025,False
Liberty Summit,"Columbus, OH",LEGENDVIDEO201,2x2,1120,1670,1670,07/19/2025,False
Liberty Summit,"Columbus, OH",LEGENDVIDEO201,2x2,1120,1670,1670,07/20/2025,False
Liberty Summit,"Columbus, OH",LEGENDVIDEO201,2x2,1120,1670,1670,07/21/2025,False
Liberty Summit,"Columbus, OH",LEGENDVIDEO201,2x2,1120,1670,1670,07/22/2025,False
Liberty Summit,"Columbus, OH",LEGENDVIDEO201,2x2,1120,1670,1670,07/23/2025,False
Liberty Summit,"Columbus, OH",LEGENDVIDEO201,2x2,1120,1670,1670,07/24/2025,False
Liberty Summit,"Columbus, OH",LEGENDVIDEO201,2x2,1120,1670,1670,07/25/2025,False
Liberty Summit,"Columbus, OH",LEGENDVIDEO201,2x2,1120,1670,1670,07/26/2025,False
Liberty Summit,"Columbus, OH",LEGENDVIDEO201,2x2,1120,1670,1670,07/27/2025,False
Liberty Summit,"Columbus, OH",LEGENDVIDEO201,2x2,1120,1670,1670,07/28/2025,True
Liberty Summit,"Columbus, OH",SHOWCASEVIDEO101,2x2,1170,1620,1620,03/29/2025,False
Liberty Summit,"Columbus, OH",SHOWCASEVIDEO101,2x2,1170,1620,1620,03/30/2025,False
Liberty Summit,"Columbus, OH",SHOWCASEVIDEO101,2x2,1170,1620,1620,03/31/2025,False
Liberty Summit,"Columbus, OH",SHOWCASEVIDEO101,2x2,1170,1620,1620,04/01/2025,False
Liberty Summit,"Columbus, OH",SHOWCASEVIDEO101,2x2,1170,1620,1620,04/02/2025,False
Liberty Summit,"Columbus, OH",SHOWCASEVIDEO101,2x2,1170,1620,1620,04/03/2025,False
Liberty Summit,"Columbus, OH",SHOWCASEVIDEO101,2x2,1170,1620,1620,04/04/2025,False
Liberty Summit,"Columbus, OH",SHOWCASEVIDEO101,2x2,1170,1620,1620,04/05/2025,False
Liberty Summit,"Columbus, OH",SHOWCASEVIDEO101,2x2,1170,1620,1620,04/06/2025,False
Liberty Summit,"Columbus, OH",SHOWCASEVIDEO101,2x2,1170,1620,1620,04/07/2025,False
Liberty Summit,"Columbus, OH",SHOWCASEVIDEO101,2x2,1170,1650,1650,04/08/2025,False
Liberty Summit,"Columbus, OH",SHOWCASEVIDEO101,2x2,1170,1650,1650,04/09/2025,False
Liberty Summit,"Columbus, OH",SHOWCASEVIDEO101,2x2,1170,1650,1650,04/10/2025,False
Liberty Summit,"Columbus, OH",SHOWCASEVIDEO101,2x2,1170,1650,1650,04/11/2025,False
Liberty Summit,"Columbus, OH",SHOWCASEVIDEO101,2x2,1170,1650,1650,04/12/2025,False
Liberty Summit,"Columbus, OH",SHOWCASEVIDEO101,2x2,1170,1650,1650,04/13/2025,False
Liberty Summit,"Columbus, OH",SHOWCASEVIDEO101,2x2,1170,1650,1650,04/14/2025,False
Liberty Summit,"Columbus, OH",SHOWCASEVIDEO101,2x2,1170,1650,1650,04/15/2025,False
Liberty Summit,"Columbus, OH",SHOWCASEVIDEO101,2x2,1170,1650,1650,04/16/2025,False
Liberty Summit,"Columbus, OH",SHOWCASEVIDEO101,2x2,1170,1650,1650,04/17/2025,False
Liberty Summit,"Columbus, OH",SHOWCASEVIDEO101,2x2,1170,1650,1650,04/18/2025,False
Liberty Summit,"Columbus, OH",SHOWCASEVIDEO101,2x2,1170,1650,1650,04/19/2025,False
Liberty Summit,"Columbus, OH",SHOWCASEVIDEO101,2x2,1170,1650,1650,04/20/2025,False
Liberty Summit,"Columbus, OH",SHOWCASEVIDEO101,2x2,1170,1650,1650,04/21/2025,False
Liberty Summit,"Columbus, OH",SHOWCASEVIDEO101,2x2,1170,1650,1650,04/22/2025,False
Liberty Summit,"Columbus, OH",SHOWCASEVIDEO101,2x2,1170,1650,1650,04/23/2025,False
Liberty Summit,"Columbus, OH",SHOWCASEVIDEO101,2x2,1170,1650,1650,04/24/2025,False
Liberty Summit,"Columbus, OH",SHOWCASEVIDEO101,2x2,1170,1650,1650,04/25/2025,False
Liberty Summit,"Columbus, OH",SHOWCASEVIDEO101,2x2,1170,1650,1650,04/26/2025,False
Liberty Summit,"Columbus, OH",SHOWCASEVIDEO101,2x2,1170,1650,1650,04/27/2025,False
Liberty Summit,"Columbus, OH",SHOWCASEVIDEO101,2x2,1170,1650,1650,04/28/2025,False
Liberty Summit,"Columbus, OH",SHOWCASEVIDEO101,2x2,1170,1670,1670,04/29/2025,False
Liberty Summit,"Columbus, OH",SHOWCASEVIDEO101,2x2,1170,1670,1670,04/30/2025,False
Liberty Summit,"Columbus, OH",SHOWCASEVIDEO101,2x2,1170,1670,1670,05/01/2025,False
Liberty Summit,"Columbus, OH",SHOWCASEVIDEO101,2x2,1170,1670,1670,05/02/2025,False
Liberty Summit,"Columbus, OH",SHOWCASEVIDEO101,2x2,1170,1670,1670,05/03/2025,False
Liberty Summit,"Columbus, OH",SHOWCASEVIDEO101,2x2,1170,1670,1670,05/04/2025,False
Liberty Summit,"Columbus, OH",SHOWCASEVIDEO101,2x2,1170,1670,1670,05/05/2025,False
Liberty Summit,"Columbus, OH",SHOWCASEVIDEO101,2x2,1170,1670,1670,05/06/2025,False
Liberty Summit,"Columbus, OH",SHOWCASEVIDEO101,2x2,1170,1670,1670,05/07/2025,False
Liberty Summit,"Columbus, OH",SHOWCASEVIDEO101,2x2,1170,1670,1670,05/08/2025,False
Liberty Summit,"Columbus, OH",SHOWCASEVIDEO101,2x2,1170,1670,1670,05/09/2025,False
Liberty Summit,"Columbus, OH",SHOWCASEVIDEO101,2x2,1170,1670,1670,05/10/2025,False
Liberty Summit,"Columbus, OH",SHOWCASEVIDEO101,2x2,1170,1670,1670,05/11/2025,False
Liberty Summit,"Columbus, OH",SHOWCASEVIDEO101,2x2,1170,1670,1670,05/12/2025,False
Liberty Summit,"Columbus, OH",SHOWCASEVIDEO101,2x2,1170,1670,1670,05/13/2025,False
Liberty Summit,"Columbus, OH",SHOWCASEVIDEO101,2x2,1170,1670,1670,05/14/2025,False
Liberty Summit,"Columbus, OH",SHOWCASEVIDEO101,2x2,1170,1670,1670,05/15/2025,False
Liberty Summit,"Columbus, OH",SHOWCASEVIDEO101,2x2,1170,1670,1670,05/16/2025,False
Liberty Summit,"Columbus, OH",SHOWCASEVIDEO101,2x2,1170,1670,1670,05/17/2025,False
Liberty Summit,"Columbus, OH",SHOWCASEVIDEO101,2x2,1170,1670,1670,05/18/2025,False
Liberty Summit,"Columbus, OH",SHOWCASEVIDEO101,2x2,1170,1670,1670,05/19/2025,False
Liberty Summit,"Columbus, OH",SHOWCASEVIDEO101,2x2,1170,1670,1670,05/20/2025,False
Liberty Summit,"Columbus, OH",SHOWCASEVIDEO101,2x2,1170,1670,1670,05/21/2025,False
Liberty Summit,"Columbus, OH",SHOWCASEVIDEO101,2x2,1170,1670,1670,05/22/2025,False
Liberty Summit,"Columbus, OH",SHOWCASEVIDEO101,2x2,1170,1670,1670,05/23/2025,False
Liberty Summit,"Columbus, OH",SHOWCASEVIDEO101,2x2,1170,1670,1670,05/24/2025,False
Liberty Summit,"Columbus, OH",SHOWCASEVIDEO101,2x2,1170,1670,1670,05/25/2025,False
Liberty Summit,"Columbus, OH",SHOWCASEVIDEO101,2x2,1170,1670,1670,05/26/2025,False
Liberty Summit,"Columbus, OH",SHOWCASEVIDEO101,2x2,1170,1670,1670,05/27/2025,False
Liberty Summit,"Columbus, OH",SHOWCASEVIDEO101,2x2,1170,1670,1670,05/28/2025,False
Liberty Summit,"Columbus, OH",SHOWCASEVIDEO101,2x2,1170,1670,1670,05/29/2025,False
Liberty Summit,"Columbus, OH",SHOWCASEVIDEO101,2x2,1170,1670,1670,05/30/2025,False
Liberty Summit,"Columbus, OH",SHOWCASEVIDEO101,2x2,1170,1670,1670,05/31/2025,False
Liberty Summit,"Columbus, OH",SHOWCASEVIDEO101,2x2,1170,1670,1670,06/01/2025,False
Liberty Summit,"Columbus, OH",SHOWCASEVIDEO101,2x2,1170,1670,1670,06/02/2025,False
Liberty Summit,"Columbus, OH",SHOWCASEVIDEO101,2x2,1170,1670,1670,06/03/2025,False
Liberty Summit,"Columbus, OH",SHOWCASEVIDEO101,2x2,1170,1670,1670,06/04/2025,False
Liberty Summit,"Columbus, OH",SHOWCASEVIDEO101,2x2,1170,1670,1670,06/05/2025,False
Liberty Summit,"Columbus, OH",SHOWCASEVIDEO101,2x2,1170,1670,1670,06/06/2025,False
Liberty Summit,"Columbus, OH",SHOWCASEVIDEO101,2x2,1170,1670,1670,06/07/2025,False
Liberty Summit,"Columbus, OH",SHOWCASEVIDEO101,2x2,1170,1670,1670,06/08/2025,False
Liberty Summit,"Columbus, OH",SHOWCASEVIDEO101,2x2,1170,1670,1670,06/09/2025,False
Liberty Summit,"Columbus, OH",SHOWCASEVIDEO101,2x2,1170,1670,1670,06/10/2025,False
Liberty Summit,"Columbus, OH",SHOWCASEVIDEO101,2x2,1170,1670,1670,06/11/2025,False
Liberty Summit,"Columbus, OH",SHOWCASEVIDEO101,2x2,1170,1670,1670,06/12/2025,False
Liberty Summit,"Columbus, OH",SHOWCASEVIDEO101,2x2,1170,1670,1670,06/13/2025,False
Liberty Summit,"Columbus, OH",SHOWCASEVIDEO101,2x2,1170,1670,1670,06/14/2025,False
Liberty Summit,"Columbus, OH",SHOWCASEVIDEO101,2x2,1170,1670,1670,06/15/2025,False
Liberty Summit,"Columbus, OH",SHOWCASEVIDEO101,2x2,1170,1670,1670,06/16/2025,False
Liberty Summit,"Columbus, OH",SHOWCASEVIDEO101,2x2,1170,1670,1670,06/17/2025,False
Liberty Summit,"Columbus, OH",SHOWCASEVIDEO101,2x2,1170,1670,1670,06/18/2025,False
Liberty Summit,"Columbus, OH",SHOWCASEVIDEO101,2x2,1170,1670,1670,06/19/2025,False
Liberty Summit,"Columbus, OH",SHOWCASEVIDEO101,2x2,1170,1670,1670,06/20/2025,False
Liberty Summit,"Columbus, OH",SHOWCASEVIDEO101,2x2,1170,1670,1670,06/21/2025,False
Liberty Summit,"Columbus, OH",SHOWCASEVIDEO101,2x2,1170,1670,1670,06/22/2025,False
Liberty Summit,"Columbus, OH",SHOWCASEVIDEO101,2x2,1170,1670,1670,06/23/2025,False
Liberty Summit,"Columbus, OH",SHOWCASEVIDEO101,2x2,1170,1670,1670,06/24/2025,False
Liberty Summit,"Columbus, OH",SHOWCASEVIDEO101,2x2,1170,1670,1670,06/25/2025,False
Liberty Summit,"Columbus, OH",SHOWCASEVIDEO101,2x2,1170,1670,1670,06/26/2025,False
Liberty Summit,"Columbus, OH",SHOWCASEVIDEO101,2x2,1170,1670,1670,06/27/2025,False
Liberty Summit,"Columbus, OH",SHOWCASEVIDEO101,2x2,1170,1670,1670,06/28/2025,False
Liberty Summit,"Columbus, OH",SHOWCASEVIDEO101,2x2,1170,1670,1670,06/29/2025,False
Liberty Summit,"Columbus, OH",SHOWCASEVIDEO101,2x2,1170,1670,1670,06/30/2025,False
Liberty Summit,"Columbus, OH",SHOWCASEVIDEO101,2x2,1170,1670,1670,07/01/2025,False
Liberty Summit,"Columbus, OH",SHOWCASEVIDEO101,2x2,1170,1670,1670,07/02/2025,False
Liberty Summit,"Columbus, OH",SHOWCASEVIDEO101,2x2,1170,1670,1670,07/03/2025,False
Liberty Summit,"Columbus, OH",SHOWCASEVIDEO101,2x2,1170,1670,1670,07/04/2025,False
Liberty Summit,"Columbus, OH",SHOWCASEVIDEO101,2x2,1170,1670,1670,07/05/2025,False
Liberty Summit,"Columbus, OH",SHOWCASEVIDEO101,2x2,1170,1670,1670,07/06/2025,False
Liberty Summit,"Columbus, OH",SHOWCASEVIDEO101,2x2,1170,1670,1670,07/07/2025,False
Liberty Summit,"Columbus, OH",SHOWCASEVIDEO101,2x2,1170,1670,1670,07/08/2025,False
Liberty Summit,"Columbus, OH",SHOWCASEVIDEO101,2x2,1170,1670,1670,07/09/2025,False
Liberty Summit,"Columbus, OH",SHOWCASEVIDEO101,2x2,1170,1670,1670,07/10/2025,False
Liberty Summit,"Columbus, OH",SHOWCASEVIDEO101,2x2,1170,1670,1670,07/11/2025,False
Liberty Summit,"Columbus, OH",SHOWCASEVIDEO101,2x2,1170,1670,1670,07/12/2025,False
Liberty Summit,"Columbus, OH",SHOWCASEVIDEO101,2x2,1170,1670,1670,07/13/2025,False
Liberty Summit,"Columbus, OH",SHOWCASEVIDEO101,2x2,1170,1670,1670,07/14/2025,False
Liberty Summit,"Columbus, OH",SHOWCASEVIDEO101,2x2,1170,1670,1670,07/15/2025,False
Liberty Summit,"Columbus, OH",SHOWCASEVIDEO101,2x2,1170,1670,1670,07/16/2025,False
Liberty Summit,"Columbus, OH",SHOWCASEVIDEO101,2x2,1170,1670,1670,07/17/2025,False
Liberty Summit,"Columbus, OH",SHOWCASEVIDEO101,2x2,1170,1670,1670,07/18/2025,False
Liberty Summit,"Columbus, OH",SHOWCASEVIDEO101,2x2,1170,1670,1670,07/19/2025,False
Liberty Summit,"Columbus, OH",SHOWCASEVIDEO101,2x2,1170,1670,1670,07/20/2025,False
Liberty Summit,"Columbus, OH",SHOWCASEVIDEO101,2x2,1170,1670,1670,07/21/2025,False
Liberty Summit,"Columbus, OH",SHOWCASEVIDEO101,2x2,1170,1670,1670,07/22/2025,False
Liberty Summit,"Columbus, OH",SHOWCASEVIDEO101,2x2,1170,1670,1670,07/23/2025,False
Liberty Summit,"Columbus, OH",SHOWCASEVIDEO101,2x2,1170,1670,1670,07/24/2025,False
Liberty Summit,"Columbus, OH",SHOWCASEVIDEO101,2x2,1170,1670,1670,07/25/2025,False
Liberty Summit,"Columbus, OH",SHOWCASEVIDEO101,2x2,1170,1670,1670,07/26/2025,False
Liberty Summit,"Columbus, OH",SHOWCASEVIDEO101,2x2,1170,1670,1670,07/27/2025,False
Liberty Summit,"Columbus, OH",SHOWCASEVIDEO101,2x2,1170,1670,1670,07/28/2025,True
Liberty Summit,"Columbus, OH",SHOWCASEVIDEO201,2x2,1170,1590,1590,03/29/2025,False
Liberty Summit,"Columbus, OH",SHOWCASEVIDEO201,2x2,1170,1590,1590,03/30/2025,False
Liberty Summit,"Columbus, OH",SHOWCASEVIDEO201,2x2,1170,1590,1590,03/31/2025,False
Liberty Summit,"Columbus, OH",SHOWCASEVIDEO201,2x2,1170,1590,1590,04/01/2025,False
Liberty Summit,"Columbus, OH",SHOWCASEVIDEO201,2x2,1170,1590,1590,04/02/2025,False
Liberty Summit,"Columbus, OH",SHOWCASEVIDEO201,2x2,1170,1590,1590,04/03/2025,False
Liberty Summit,"Columbus, OH",SHOWCASEVIDEO201,2x2,1170,1590,1590,04/04/2025,False
Liberty Summit,"Columbus, OH",SHOWCASEVIDEO201,2x2,1170,1590,1590,04/05/2025,False
Liberty Summit,"Columbus, OH",SHOWCASEVIDEO201,2x2,1170,1590,1590,04/06/2025,False
Liberty Summit,"Columbus, OH",SHOWCASEVIDEO201,2x2,1170,1590,1590,04/07/2025,False
Liberty Summit,"Columbus, OH",SHOWCASEVIDEO201,2x2,1170,1620,1620,04/08/2025,False
Liberty Summit,"Columbus, OH",SHOWCASEVIDEO201,2x2,1170,1620,1620,04/09/2025,False
Liberty Summit,"Columbus, OH",SHOWCASEVIDEO201,2x2,1170,1620,1620,04/10/2025,False
Liberty Summit,"Columbus, OH",SHOWCASEVIDEO201,2x2,1170,1620,1620,04/11/2025,False
Liberty Summit,"Columbus, OH",SHOWCASEVIDEO201,2x2,1170,1620,1620,04/12/2025,False
Liberty Summit,"Columbus, OH",SHOWCASEVIDEO201,2x2,1170,1620,1620,04/13/2025,False
Liberty Summit,"Columbus, OH",SHOWCASEVIDEO201,2x2,1170,1620,1620,04/14/2025,False
Liberty Summit,"Columbus, OH",SHOWCASEVIDEO201,2x2,1170,1620,1620,04/15/2025,False
Liberty Summit,"Columbus, OH",SHOWCASEVIDEO201,2x2,1170,1620,1620,04/16/2025,False
Liberty Summit,"Columbus, OH",SHOWCASEVIDEO201,2x2,1170,1620,1620,04/17/2025,False
Liberty Summit,"Columbus, OH",SHOWCASEVIDEO201,2x2,1170,1620,1620,04/18/2025,False
Liberty Summit,"Columbus, OH",SHOWCASEVIDEO201,2x2,1170,1620,1620,04/19/2025,False
Liberty Summit,"Columbus, OH",SHOWCASEVIDEO201,2x2,1170,1620,1620,04/20/2025,False
Liberty Summit,"Columbus, OH",SHOWCASEVIDEO201,2x2,1170,1620,1620,04/21/2025,False
Liberty Summit,"Columbus, OH",SHOWCASEVIDEO201,2x2,1170,1620,1620,04/22/2025,False
Liberty Summit,"Columbus, OH",SHOWCASEVIDEO201,2x2,1170,1620,1620,04/23/2025,False
Liberty Summit,"Columbus, OH",SHOWCASEVIDEO201,2x2,1170,1620,1620,04/24/2025,False
Liberty Summit,"Columbus, OH",SHOWCASEVIDEO201,2x2,1170,1620,1620,04/25/2025,False
Liberty Summit,"Columbus, OH",SHOWCASEVIDEO201,2x2,1170,1620,1620,04/26/2025,False
Liberty Summit,"Columbus, OH",SHOWCASEVIDEO201,2x2,1170,1620,1620,04/27/2025,False
Liberty Summit,"Columbus, OH",SHOWCASEVIDEO201,2x2,1170,1620,1620,04/28/2025,False
Liberty Summit,"Columbus, OH",SHOWCASEVIDEO201,2x2,1170,1640,1640,04/29/2025,False
Liberty Summit,"Columbus, OH",SHOWCASEVIDEO201,2x2,1170,1640,1640,04/30/2025,False
Liberty Summit,"Columbus, OH",SHOWCASEVIDEO201,2x2,1170,1640,1640,05/01/2025,False
Liberty Summit,"Columbus, OH",SHOWCASEVIDEO201,2x2,1170,1640,1640,05/02/2025,False
Liberty Summit,"Columbus, OH",SHOWCASEVIDEO201,2x2,1170,1640,1640,05/03/2025,False
Liberty Summit,"Columbus, OH",SHOWCASEVIDEO201,2x2,1170,1640,1640,05/04/2025,False
Liberty Summit,"Columbus, OH",SHOWCASEVIDEO201,2x2,1170,1640,1640,05/05/2025,False
Liberty Summit,"Columbus, OH",SHOWCASEVIDEO201,2x2,1170,1640,1640,05/06/2025,False
Liberty Summit,"Columbus, OH",SHOWCASEVIDEO201,2x2,1170,1640,1640,05/07/2025,False
Liberty Summit,"Columbus, OH",SHOWCASEVIDEO201,2x2,1170,1640,1640,05/08/2025,False
Liberty Summit,"Columbus, OH",SHOWCASEVIDEO201,2x2,1170,1640,1640,05/09/2025,False
Liberty Summit,"Columbus, OH",SHOWCASEVIDEO201,2x2,1170,1640,1640,05/10/2025,False
Liberty Summit,"Columbus, OH",SHOWCASEVIDEO201,2x2,1170,1640,1640,05/11/2025,False
Liberty Summit,"Columbus, OH",SHOWCASEVIDEO201,2x2,1170,1640,1640,05/12/2025,False
Liberty Summit,"Columbus, OH",SHOWCASEVIDEO201,2x2,1170,1640,1640,05/13/2025,False
Liberty Summit,"Columbus, OH",SHOWCASEVIDEO201,2x2,1170,1640,1640,05/14/2025,False
Liberty Summit,"Columbus, OH",SHOWCASEVIDEO201,2x2,1170,1640,1640,05/15/2025,False
Liberty Summit,"Columbus, OH",SHOWCASEVIDEO201,2x2,1170,1640,1640,05/16/2025,False
Liberty Summit,"Columbus, OH",SHOWCASEVIDEO201,2x2,1170,1640,1640,05/17/2025,False
Liberty Summit,"Columbus, OH",SHOWCASEVIDEO201,2x2,1170,1640,1640,05/18/2025,False
Liberty Summit,"Columbus, OH",SHOWCASEVIDEO201,2x2,1170,1640,1640,05/19/2025,False
Liberty Summit,"Columbus, OH",SHOWCASEVIDEO201,2x2,1170,1640,1640,05/20/2025,False
Liberty Summit,"Columbus, OH",SHOWCASEVIDEO201,2x2,1170,1640,1640,05/21/2025,False
Liberty Summit,"Columbus, OH",SHOWCASEVIDEO201,2x2,1170,1640,1640,05/22/2025,False
Liberty Summit,"Columbus, OH",SHOWCASEVIDEO201,2x2,1170,1640,1640,05/23/2025,False
Liberty Summit,"Columbus, OH",SHOWCASEVIDEO201,2x2,1170,1640,1640,05/24/2025,False
Liberty Summit,"Columbus, OH",SHOWCASEVIDEO201,2x2,1170,1640,1640,05/25/2025,False
Liberty Summit,"Columbus, OH",SHOWCASEVIDEO201,2x2,1170,1640,1640,05/26/2025,False
Liberty Summit,"Columbus, OH",SHOWCASEVIDEO201,2x2,1170,1640,1640,05/27/2025,False
Liberty Summit,"Columbus, OH",SHOWCASEVIDEO201,2x2,1170,1640,1640,05/28/2025,False
Liberty Summit,"Columbus, OH",SHOWCASEVIDEO201,2x2,1170,1640,1640,05/29/2025,False
Liberty Summit,"Columbus, OH",SHOWCASEVIDEO201,2x2,1170,1640,1640,05/30/2025,False
Liberty Summit,"Columbus, OH",SHOWCASEVIDEO201,2x2,1170,1640,1640,05/31/2025,False
Liberty Summit,"Columbus, OH",SHOWCASEVIDEO201,2x2,1170,1640,1640,06/01/2025,False
Liberty Summit,"Columbus, OH",SHOWCASEVIDEO201,2x2,1170,1640,1640,06/02/2025,False
Liberty Summit,"Columbus, OH",SHOWCASEVIDEO201,2x2,1170,1640,1640,06/03/2025,False
Liberty Summit,"Columbus, OH",SHOWCASEVIDEO201,2x2,1170,1640,1640,06/04/2025,False
Liberty Summit,"Columbus, OH",SHOWCASEVIDEO201,2x2,1170,1640,1640,06/05/2025,False
Liberty Summit,"Columbus, OH",SHOWCASEVIDEO201,2x2,1170,1640,1640,06/06/2025,False
Liberty Summit,"Columbus, OH",SHOWCASEVIDEO201,2x2,1170,1640,1640,06/07/2025,False
Liberty Summit,"Columbus, OH",SHOWCASEVIDEO201,2x2,1170,1640,1640,06/08/2025,False
Liberty Summit,"Columbus, OH",SHOWCASEVIDEO201,2x2,1170,1640,1640,06/09/2025,False
Liberty Summit,"Columbus, OH",SHOWCASEVIDEO201,2x2,1170,1640,1640,06/10/2025,False
Liberty Summit,"Columbus, OH",SHOWCASEVIDEO201,2x2,1170,1640,1640,06/11/2025,False
Liberty Summit,"Columbus, OH",SHOWCASEVIDEO201,2x2,1170,1640,1640,06/12/2025,False
Liberty Summit,"Columbus, OH",SHOWCASEVIDEO201,2x2,1170,1640,1640,06/13/2025,False
Liberty Summit,"Columbus, OH",SHOWCASEVIDEO201,2x2,1170,1640,1640,06/14/2025,False
Liberty Summit,"Columbus, OH",SHOWCASEVIDEO201,2x2,1170,1640,1640,06/15/2025,False
Liberty Summit,"Columbus, OH",SHOWCASEVIDEO201,2x2,1170,1640,1640,06/16/2025,False
Liberty Summit,"Columbus, OH",SHOWCASEVIDEO201,2x2,1170,1640,1640,06/17/2025,False
Liberty Summit,"Columbus, OH",SHOWCASEVIDEO201,2x2,1170,1640,1640,06/18/2025,False
Liberty Summit,"Columbus, OH",SHOWCASEVIDEO201,2x2,1170,1640,1640,06/19/2025,False
Liberty Summit,"Columbus, OH",SHOWCASEVIDEO201,2x2,1170,1640,1640,06/20/2025,False
Liberty Summit,"Columbus, OH",SHOWCASEVIDEO201,2x2,1170,1640,1640,06/21/2025,False
Liberty Summit,"Columbus, OH",SHOWCASEVIDEO201,2x2,1170,1640,1640,06/22/2025,False
Liberty Summit,"Columbus, OH",SHOWCASEVIDEO201,2x2,1170,1640,1640,06/23/2025,False
Liberty Summit,"Columbus, OH",SHOWCASEVIDEO201,2x2,1170,1640,1640,06/24/2025,False
Liberty Summit,"Columbus, OH",SHOWCASEVIDEO201,2x2,1170,1640,1640,06/25/2025,False
Liberty Summit,"Columbus, OH",SHOWCASEVIDEO201,2x2,1170,1640,1640,06/26/2025,False
Liberty Summit,"Columbus, OH",SHOWCASEVIDEO201,2x2,1170,1640,1640,06/27/2025,False
Liberty Summit,"Columbus, OH",SHOWCASEVIDEO201,2x2,1170,1640,1640,06/28/2025,False
Liberty Summit,"Columbus, OH",SHOWCASEVIDEO201,2x2,1170,1640,1640,06/29/2025,False
Liberty Summit,"Columbus, OH",SHOWCASEVIDEO201,2x2,1170,1640,1640,06/30/2025,False
Liberty Summit,"Columbus, OH",SHOWCASEVIDEO201,2x2,1170,1640,1640,07/01/2025,False
Liberty Summit,"Columbus, OH",SHOWCASEVIDEO201,2x2,1170,1640,1640,07/02/2025,False
Liberty Summit,"Columbus, OH",SHOWCASEVIDEO201,2x2,1170,1640,1640,07/03/2025,False
Liberty Summit,"Columbus, OH",SHOWCASEVIDEO201,2x2,1170,1640,1640,07/04/2025,False
Liberty Summit,"Columbus, OH",SHOWCASEVIDEO201,2x2,1170,1640,1640,07/05/2025,False
Liberty Summit,"Columbus, OH",SHOWCASEVIDEO201,2x2,1170,1640,1640,07/06/2025,False
Liberty Summit,"Columbus, OH",SHOWCASEVIDEO201,2x2,1170,1640,1640,07/07/2025,False
Liberty Summit,"Columbus, OH",SHOWCASEVIDEO201,2x2,1170,1640,1640,07/08/2025,False
Liberty Summit,"Columbus, OH",SHOWCASEVIDEO201,2x2,1170,1640,1640,07/09/2025,False
Liberty Summit,"Columbus, OH",SHOWCASEVIDEO201,2x2,1170,1640,1640,07/10/2025,False
Liberty Summit,"Columbus, OH",SHOWCASEVIDEO201,2x2,1170,1640,1640,07/11/2025,False
Liberty Summit,"Columbus, OH",SHOWCASEVIDEO201,2x2,1170,1640,1640,07/12/2025,False
Liberty Summit,"Columbus, OH",SHOWCASEVIDEO201,2x2,1170,1640,1640,07/13/2025,False
Liberty Summit,"Columbus, OH",SHOWCASEVIDEO201,2x2,1170,1640,1640,07/14/2025,False
Liberty Summit,"Columbus, OH",SHOWCASEVIDEO201,2x2,1170,1640,1640,07/15/2025,False
Liberty Summit,"Columbus, OH",SHOWCASEVIDEO201,2x2,1170,1640,1640,07/16/2025,False
Liberty Summit,"Columbus, OH",SHOWCASEVIDEO201,2x2,1170,1640,1640,07/17/2025,False
Liberty Summit,"Columbus, OH",SHOWCASEVIDEO201,2x2,1170,1640,1640,07/18/2025,False
Liberty Summit,"Columbus, OH",SHOWCASEVIDEO201,2x2,1170,1640,1640,07/19/2025,False
Liberty Summit,"Columbus, OH",SHOWCASEVIDEO201,2x2,1170,1640,1640,07/20/2025,False
Liberty Summit,"Columbus, OH",SHOWCASEVIDEO201,2x2,1170,1640,1640,07/21/2025,False
Liberty Summit,"Columbus, OH",SHOWCASEVIDEO201,2x2,1170,1640,1640,07/22/2025,False
Liberty Summit,"Columbus, OH",SHOWCASEVIDEO201,2x2,1170,1640,1640,07/23/2025,False
Liberty Summit,"Columbus, OH",SHOWCASEVIDEO201,2x2,1170,1640,1640,07/24/2025,False
Liberty Summit,"Columbus, OH",SHOWCASEVIDEO201,2x2,1170,1640,1640,07/25/2025,False
Liberty Summit,"Columbus, OH",SHOWCASEVIDEO201,2x2,1170,1640,1640,07/26/2025,False
Liberty Summit,"Columbus, OH",SHOWCASEVIDEO201,2x2,1170,1640,1640,07/27/2025,False
Liberty Summit,"Columbus, OH",SHOWCASEVIDEO201,2x2,1170,1640,1640,07/28/2025,True
Liberty Summit,"Columbus, OH",ULTRAVIDEO201,3x2,1500,2190,2190,03/29/2025,False
Liberty Summit,"Columbus, OH",ULTRAVIDEO201,3x2,1500,2190,2190,03/30/2025,False
Liberty Summit,"Columbus, OH",ULTRAVIDEO201,3x2,1500,2190,2190,03/31/2025,False
Liberty Summit,"Columbus, OH",ULTRAVIDEO201,3x2,1500,2190,2190,04/01/2025,False
Liberty Summit,"Columbus, OH",ULTRAVIDEO201,3x2,1500,2190,2190,04/02/2025,False
Liberty Summit,"Columbus, OH",ULTRAVIDEO201,3x2,1500,2190,2190,04/03/2025,False
Liberty Summit,"Columbus, OH",ULTRAVIDEO201,3x2,1500,2190,2190,04/04/2025,False
Liberty Summit,"Columbus, OH",ULTRAVIDEO201,3x2,1500,2190,2190,04/05/2025,False
Liberty Summit,"Columbus, OH",ULTRAVIDEO201,3x2,1500,2190,2190,04/06/2025,False
Liberty Summit,"Columbus, OH",ULTRAVIDEO201,3x2,1500,2190,2190,04/07/2025,False
Liberty Summit,"Columbus, OH",ULTRAVIDEO201,3x2,1500,2220,2220,04/08/2025,False
Liberty Summit,"Columbus, OH",ULTRAVIDEO201,3x2,1500,2220,2220,04/09/2025,False
Liberty Summit,"Columbus, OH",ULTRAVIDEO201,3x2,1500,2220,2220,04/10/2025,False
Liberty Summit,"Columbus, OH",ULTRAVIDEO201,3x2,1500,2220,2220,04/11/2025,False
Liberty Summit,"Columbus, OH",ULTRAVIDEO201,3x2,1500,2220,2220,04/12/2025,False
Liberty Summit,"Columbus, OH",ULTRAVIDEO201,3x2,1500,2220,2220,04/13/2025,False
Liberty Summit,"Columbus, OH",ULTRAVIDEO201,3x2,1500,2220,2220,04/14/2025,False
Liberty Summit,"Columbus, OH",ULTRAVIDEO201,3x2,1500,2240,2240,04/15/2025,False
Liberty Summit,"Columbus, OH",ULTRAVIDEO201,3x2,1500,2240,2240,04/16/2025,False
Liberty Summit,"Columbus, OH",ULTRAVIDEO201,3x2,1500,2240,2240,04/17/2025,False
Liberty Summit,"Columbus, OH",ULTRAVIDEO201,3x2,1500,2240,2240,04/18/2025,False
Liberty Summit,"Columbus, OH",ULTRAVIDEO201,3x2,1500,2240,2240,04/19/2025,False
Liberty Summit,"Columbus, OH",ULTRAVIDEO201,3x2,1500,2240,2240,04/20/2025,False
Liberty Summit,"Columbus, OH",ULTRAVIDEO201,3x2,1500,2240,2240,04/21/2025,False
Liberty Summit,"Columbus, OH",ULTRAVIDEO201,3x2,1500,2240,2240,04/22/2025,False
Liberty Summit,"Columbus, OH",ULTRAVIDEO201,3x2,1500,2240,2240,04/23/2025,False
Liberty Summit,"Columbus, OH",ULTRAVIDEO201,3x2,1500,2240,2240,04/24/2025,False
Liberty Summit,"Columbus, OH",ULTRAVIDEO201,3x2,1500,2240,2240,04/25/2025,False
Liberty Summit,"Columbus, OH",ULTRAVIDEO201,3x2,1500,2240,2240,04/26/2025,False
Liberty Summit,"Columbus, OH",ULTRAVIDEO201,3x2,1500,2240,2240,04/27/2025,False
Liberty Summit,"Columbus, OH",ULTRAVIDEO201,3x2,1500,2240,2240,04/28/2025,False
Liberty Summit,"Columbus, OH",ULTRAVIDEO201,3x2,1500,2260,2260,04/29/2025,False
Liberty Summit,"Columbus, OH",ULTRAVIDEO201,3x2,1500,2260,2260,04/30/2025,False
Liberty Summit,"Columbus, OH",ULTRAVIDEO201,3x2,1500,2260,2260,05/01/2025,False
Liberty Summit,"Columbus, OH",ULTRAVIDEO201,3x2,1500,2260,2260,05/02/2025,False
Liberty Summit,"Columbus, OH",ULTRAVIDEO201,3x2,1500,2260,2260,05/03/2025,False
Liberty Summit,"Columbus, OH",ULTRAVIDEO201,3x2,1500,2260,2260,05/04/2025,False
Liberty Summit,"Columbus, OH",ULTRAVIDEO201,3x2,1500,2260,2260,05/05/2025,False
Liberty Summit,"Columbus, OH",ULTRAVIDEO201,3x2,1500,2260,2260,05/06/2025,False
Liberty Summit,"Columbus, OH",ULTRAVIDEO201,3x2,1500,2260,2260,05/07/2025,False
Liberty Summit,"Columbus, OH",ULTRAVIDEO201,3x2,1500,2260,2260,05/08/2025,False
Liberty Summit,"Columbus, OH",ULTRAVIDEO201,3x2,1500,2260,2260,05/09/2025,False
Liberty Summit,"Columbus, OH",ULTRAVIDEO201,3x2,1500,2260,2260,05/10/2025,False
Liberty Summit,"Columbus, OH",ULTRAVIDEO201,3x2,1500,2260,2260,05/11/2025,False
Liberty Summit,"Columbus, OH",ULTRAVIDEO201,3x2,1500,2260,2260,05/12/2025,False
Liberty Summit,"Columbus, OH",ULTRAVIDEO201,3x2,1500,2260,2260,05/13/2025,False
Liberty Summit,"Columbus, OH",ULTRAVIDEO201,3x2,1500,2260,2260,05/14/2025,False
Liberty Summit,"Columbus, OH",ULTRAVIDEO201,3x2,1500,2260,2260,05/15/2025,False
Liberty Summit,"Columbus, OH",ULTRAVIDEO201,3x2,1500,2260,2260,05/16/2025,False
Liberty Summit,"Columbus, OH",ULTRAVIDEO201,3x2,1500,2260,2260,05/17/2025,False
Liberty Summit,"Columbus, OH",ULTRAVIDEO201,3x2,1500,2260,2260,05/18/2025,False
Liberty Summit,"Columbus, OH",ULTRAVIDEO201,3x2,1500,2260,2260,05/19/2025,False
Liberty Summit,"Columbus, OH",ULTRAVIDEO201,3x2,1500,2290,2290,05/20/2025,False
Liberty Summit,"Columbus, OH",ULTRAVIDEO201,3x2,1500,2290,2290,05/21/2025,False
Liberty Summit,"Columbus, OH",ULTRAVIDEO201,3x2,1500,2290,2290,05/22/2025,False
Liberty Summit,"Columbus, OH",ULTRAVIDEO201,3x2,1500,2290,2290,05/23/2025,False
Liberty Summit,"Columbus, OH",ULTRAVIDEO201,3x2,1500,2290,2290,05/24/2025,False
Liberty Summit,"Columbus, OH",ULTRAVIDEO201,3x2,1500,2290,2290,05/25/2025,False
Liberty Summit,"Columbus, OH",ULTRAVIDEO201,3x2,1500,2290,2290,05/26/2025,False
Liberty Summit,"Columbus, OH",ULTRAVIDEO201,3x2,1500,2290,2290,05/27/2025,False
Liberty Summit,"Columbus, OH",ULTRAVIDEO201,3x2,1500,2290,2290,05/28/2025,False
Liberty Summit,"Columbus, OH",ULTRAVIDEO201,3x2,1500,2290,2290,05/29/2025,False
Liberty Summit,"Columbus, OH",ULTRAVIDEO201,3x2,1500,2290,2290,05/30/2025,False
Liberty Summit,"Columbus, OH",ULTRAVIDEO201,3x2,1500,2290,2290,05/31/2025,False
Liberty Summit,"Columbus, OH",ULTRAVIDEO201,3x2,1500,2290,2290,06/01/2025,False
Liberty Summit,"Columbus, OH",ULTRAVIDEO201,3x2,1500,2290,2290,06/02/2025,False
Liberty Summit,"Columbus, OH",ULTRAVIDEO201,3x2,1500,2290,2290,06/03/2025,False
Liberty Summit,"Columbus, OH",ULTRAVIDEO201,3x2,1500,2290,2290,06/04/2025,False
Liberty Summit,"Columbus, OH",ULTRAVIDEO201,3x2,1500,2290,2290,06/05/2025,False
Liberty Summit,"Columbus, OH",ULTRAVIDEO201,3x2,1500,2290,2290,06/06/2025,False
Liberty Summit,"Columbus, OH",ULTRAVIDEO201,3x2,1500,2290,2290,06/07/2025,False
Liberty Summit,"Columbus, OH",ULTRAVIDEO201,3x2,1500,2290,2290,06/08/2025,False
Liberty Summit,"Columbus, OH",ULTRAVIDEO201,3x2,1500,2290,2290,06/09/2025,False
Liberty Summit,"Columbus, OH",ULTRAVIDEO201,3x2,1500,2290,2290,06/10/2025,False
Liberty Summit,"Columbus, OH",ULTRAVIDEO201,3x2,1500,2290,2290,06/11/2025,False
Liberty Summit,"Columbus, OH",ULTRAVIDEO201,3x2,1500,2290,2290,06/12/2025,False
Liberty Summit,"Columbus, OH",ULTRAVIDEO201,3x2,1500,2290,2290,06/13/2025,False
Liberty Summit,"Columbus, OH",ULTRAVIDEO201,3x2,1500,2290,2290,06/14/2025,False
Liberty Summit,"Columbus, OH",ULTRAVIDEO201,3x2,1500,2290,2290,06/15/2025,False
Liberty Summit,"Columbus, OH",ULTRAVIDEO201,3x2,1500,2290,2290,06/16/2025,False
Liberty Summit,"Columbus, OH",ULTRAVIDEO201,3x2,1500,2310,2310,06/17/2025,False
Liberty Summit,"Columbus, OH",ULTRAVIDEO201,3x2,1500,2310,2310,06/18/2025,False
Liberty Summit,"Columbus, OH",ULTRAVIDEO201,3x2,1500,2310,2310,06/19/2025,False
Liberty Summit,"Columbus, OH",ULTRAVIDEO201,3x2,1500,2310,2310,06/20/2025,False
Liberty Summit,"Columbus, OH",ULTRAVIDEO201,3x2,1500,2310,2310,06/21/2025,False
Liberty Summit,"Columbus, OH",ULTRAVIDEO201,3x2,1500,2310,2310,06/22/2025,False
Liberty Summit,"Columbus, OH",ULTRAVIDEO201,3x2,1500,2310,2310,06/23/2025,False
Liberty Summit,"Columbus, OH",ULTRAVIDEO201,3x2,1500,2310,2310,06/24/2025,False
Liberty Summit,"Columbus, OH",ULTRAVIDEO201,3x2,1500,2310,2310,06/25/2025,False
Liberty Summit,"Columbus, OH",ULTRAVIDEO201,3x2,1500,2310,2310,06/26/2025,False
Liberty Summit,"Columbus, OH",ULTRAVIDEO201,3x2,1500,2310,2310,06/27/2025,False
Liberty Summit,"Columbus, OH",ULTRAVIDEO201,3x2,1500,2310,2310,06/28/2025,False
Liberty Summit,"Columbus, OH",ULTRAVIDEO201,3x2,1500,2310,2310,06/29/2025,False
Liberty Summit,"Columbus, OH",ULTRAVIDEO201,3x2,1500,2310,2310,06/30/2025,False
Liberty Summit,"Columbus, OH",ULTRAVIDEO201,3x2,1500,2310,2310,07/01/2025,False
Liberty Summit,"Columbus, OH",ULTRAVIDEO201,3x2,1500,2310,2310,07/02/2025,False
Liberty Summit,"Columbus, OH",ULTRAVIDEO201,3x2,1500,2310,2310,07/03/2025,False
Liberty Summit,"Columbus, OH",ULTRAVIDEO201,3x2,1500,2310,2310,07/04/2025,False
Liberty Summit,"Columbus, OH",ULTRAVIDEO201,3x2,1500,2310,2310,07/05/2025,False
Liberty Summit,"Columbus, OH",ULTRAVIDEO201,3x2,1500,2310,2310,07/06/2025,False
Liberty Summit,"Columbus, OH",ULTRAVIDEO201,3x2,1500,2310,2310,07/07/2025,False
Liberty Summit,"Columbus, OH",ULTRAVIDEO201,3x2,1500,2310,2310,07/08/2025,False
Liberty Summit,"Columbus, OH",ULTRAVIDEO201,3x2,1500,2310,2310,07/09/2025,False
Liberty Summit,"Columbus, OH",ULTRAVIDEO201,3x2,1500,2310,2310,07/10/2025,False
Liberty Summit,"Columbus, OH",ULTRAVIDEO201,3x2,1500,2310,2310,07/11/2025,False
Liberty Summit,"Columbus, OH",ULTRAVIDEO201,3x2,1500,2310,2310,07/12/2025,False
Liberty Summit,"Columbus, OH",ULTRAVIDEO201,3x2,1500,2310,2310,07/13/2025,False
Liberty Summit,"Columbus, OH",ULTRAVIDEO201,3x2,1500,2310,2310,07/14/2025,False
Liberty Summit,"Columbus, OH",ULTRAVIDEO201,3x2,1500,2310,2310,07/15/2025,False
Liberty Summit,"Columbus, OH",ULTRAVIDEO201,3x2,1500,2310,2310,07/16/2025,False
Liberty Summit,"Columbus, OH",ULTRAVIDEO201,3x2,1500,2310,2310,07/17/2025,False
Liberty Summit,"Columbus, OH",ULTRAVIDEO201,3x2,1500,2310,2310,07/18/2025,False
Liberty Summit,"Columbus, OH",ULTRAVIDEO201,3x2,1500,2310,2310,07/19/2025,False
Liberty Summit,"Columbus, OH",ULTRAVIDEO201,3x2,1500,2310,2310,07/20/2025,False
Liberty Summit,"Columbus, OH",ULTRAVIDEO201,3x2,1500,2310,2310,07/21/2025,False
Liberty Summit,"Columbus, OH",ULTRAVIDEO201,3x2,1500,2310,2310,07/22/2025,False
Liberty Summit,"Columbus, OH",ULTRAVIDEO201,3x2,1500,2310,2310,07/23/2025,False
Liberty Summit,"Columbus, OH",ULTRAVIDEO201,3x2,1500,2310,2310,07/24/2025,False
Liberty Summit,"Columbus, OH",ULTRAVIDEO201,3x2,1500,2310,2310,07/25/2025,False
Liberty Summit,"Columbus, OH",ULTRAVIDEO201,3x2,1500,2310,2310,07/26/2025,False
Liberty Summit,"Columbus, OH",ULTRAVIDEO201,3x2,1500,2310,2310,07/27/2025,False
Liberty Summit,"Columbus, OH",ULTRAVIDEO201,3x2,1500,2310,2310,07/28/2025,True
